x,replicate,alpha,beta,nu,mu_s,R0_summary,cumulative_deaths,final_size,peak_infectious
0,1,0.123582279641932,0.440173708369524,0.148391143782515,0.00384148619865813,3.82502786248239,1454.45914151895,86122.6213832299,13698.0655614928
0,2,0.12883721434983,0.409780394933895,0.14127611712233,0.00389748046798594,3.75728177749657,1503.0862920535,85960.5272458353,13704.0777729411
0,3,0.12143193681559,0.43655148266146,0.134869073851298,0.00368449418710418,3.95648842547096,1461.14763117839,85712.353896509,16117.0736686391
0,4,0.118192335322668,0.452947595945615,0.152282528717818,0.00432543886672428,3.60622939845104,1551.88713272963,89868.4045795853,14264.9617694859
0,5,0.120953838204519,0.454266424118957,0.142646553170075,0.00420486263483816,3.81463901648759,1609.27947376112,87727.0643824598,15923.0897027674
0,6,0.12606456720546,0.419860502694701,0.14331059641632,0.00395321169790657,3.68908637055856,1503.52001461946,85410.0757943504,14436.6626890398
0,7,0.11001008922175,0.412027762681693,0.140448010886752,0.00374063399031742,3.67948178042314,1464.05446364521,83704.9803050989,12888.3177379141
0,8,0.112003554949981,0.45142742347831,0.151182541805229,0.0038473485996566,3.59961623094393,1408.4885614209,87203.1203764175,13496.2030981793
0,9,0.128906492096699,0.472938075366844,0.144976142164326,0.00364726506352624,4.11896615005596,1461.14850440763,93647.0645092499,16763.7728052
0,10,0.124598235346946,0.473341255061722,0.141967712791045,0.00387539413221346,3.91824867766163,1605.34406306804,88560.0087078095,16736.1166131498
0,11,0.122041679181334,0.474394438344529,0.132638490793729,0.0038644770164926,4.38461832867693,1653.44613910118,89464.5549051221,18059.9579666078
0,12,0.117997774216178,0.466578792467034,0.137168083713829,0.00371485038495265,4.15268366045929,1533.46035529721,90857.0898794883,16953.9446309122
0,13,0.116927143641112,0.459447347883606,0.160560177798173,0.00432534905226714,3.26874109433006,1450.15693111002,84382.9154337584,12928.3934677615
0,14,0.129134040307889,0.454352093758176,0.144475169127912,0.00407321490270486,3.8637381835674,1627.95600428868,93382.2921917741,16165.9837012586
0,15,0.12502659007321,0.470760644996553,0.14257168899414,0.0041388779434374,3.86385679858536,1675.37606003336,93243.817329628,16478.2973547128
0,16,0.11968890021312,0.470592280442001,0.138904639856408,0.00383574007039336,4.20788284257288,1659.18570017249,91337.5475487039,18004.5183282224
0,17,0.126857607114623,0.462815893040862,0.133420232602699,0.00381894074562958,4.3136108098398,1644.59308316235,91425.9188863071,17452.9836332865
0,18,0.117894322451662,0.433978076291131,0.150588187368843,0.00390830520617778,3.53035185802594,1413.18735484806,80004.9284513382,14206.8184682247
0,19,0.113267107222481,0.451209436330468,0.144184092822547,0.00368060655015368,3.87273652751811,1371.2874165821,90674.7275941538,14853.2485458126
0,20,0.122661394068132,0.439515298125088,0.152044328059737,0.00408321158385724,3.57032453407557,1423.7683264574,88102.3921303367,13203.9015145096
0.04,1,0.125643067298063,0.489341894970048,0.154348955618265,0.00514605032521772,3.82753115821904,1879.08981477219,90005.6224335361,16223.8520194475
0.04,2,0.113690892912062,0.480197299450207,0.154187378271402,0.00482653328578132,3.90522855268185,1665.01923883887,90259.4184707671,14578.3272483163
0.04,3,0.124382263928965,0.47113092568579,0.150721834532969,0.00479749759674825,3.74971006524194,1792.81163946265,90796.1230982299,15492.2454279671
0.04,4,0.121805610392254,0.485835271391288,0.169282161802236,0.00482996522429571,3.7055690037817,1539.62995915295,83295.4014691081,13425.7658185746
0.04,5,0.11580034126531,0.47100231521652,0.179777305809138,0.00507122881993674,3.05069495429936,1555.64365359502,84683.2053516321,11630.0818944222
0.04,6,0.118864797996488,0.474359724654703,0.177116761933282,0.00500145658302383,3.15419404267422,1444.42808478052,84491.3072894138,11972.0934271624
0.04,7,0.114462209864103,0.465457049711561,0.167236723180975,0.00481148608536707,3.29702641001949,1594.78438730627,84210.7821965676,11752.1581070061
0.04,8,0.133815763301195,0.501655988528283,0.162605517448987,0.00447615968507048,3.85142666393909,1589.38391111487,90389.9454380872,15053.9352333516
0.04,9,0.133185978011354,0.426246327444197,0.179966949075892,0.00489311687424942,3.11279718296055,1433.19628090184,78158.0706395986,11319.8524430904
0.04,10,0.123549761332625,0.503055242532496,0.158084546126156,0.00473077267863754,3.87615041528537,1715.79244239644,92017.2146867668,15586.8101499161
0.04,11,0.120460958276961,0.448304158598119,0.180543391412315,0.00440936945483513,3.05113276506124,1308.83398182803,76747.535666594,11521.6371644528
0.04,12,0.120043120342012,0.478508923208396,0.153905785239556,0.00450796344858207,3.65684929378812,1612.19287721486,92968.258078989,15687.046120131
0.04,13,0.120726327816901,0.480356676262846,0.175037044435453,0.00494629559500474,3.30122265291146,1526.49918027431,86263.958386549,12996.790364709
0.04,14,0.125134202112804,0.469440605092576,0.169088598568028,0.00468645764776861,3.42899272884967,1451.08841612574,89287.9920738095,12911.7200252153
0.04,15,0.124112087197542,0.502256791443962,0.158089090704176,0.00479403453954329,3.81229044125036,1787.17203671269,92302.0017575109,15962.0822769195
0.04,16,0.130300683446373,0.456753064009326,0.172699779500172,0.00489504128534883,3.27732340621809,1519.68766412871,85560.3928516479,12593.126330698
0.04,17,0.129745611281934,0.514139388229035,0.171510890840133,0.00455533804796797,3.5704210215071,1448.88541105418,89835.0545495893,14901.7424800366
0.04,18,0.126671999156037,0.479552230127473,0.16924274273721,0.00457617981530261,3.42644367839543,1534.08284105851,89333.1283176997,14554.6139500997
0.04,19,0.113315483410675,0.494148927258455,0.160920569816887,0.0053945728055451,3.79606505679935,1866.71733659527,83325.0701551192,13841.9110994747
0.04,20,0.12536153779347,0.495867819800039,0.178664092870461,0.00506670990302333,3.39047794511691,1499.47950964022,87161.2543652036,12701.5831348423
0.08,1,0.127306077195331,0.531997216615572,0.199785901835575,0.0052957606267333,3.12095433052555,1507.13124858022,84185.4000035033,11852.5446916918
0.08,2,0.123485946944573,0.519843218399285,0.193677499514421,0.00577076177616859,3.00249798783494,1625.14782604091,83001.4494915709,12203.1846347854
0.08,3,0.137211206571553,0.486837369559797,0.1967336677466,0.00512594498782207,3.13141269304055,1366.09755787629,83906.412842327,11877.3432815393
0.08,4,0.128974489592186,0.464649253377877,0.176454637578079,0.00606284854240701,3.17200892393174,1818.41986278433,78153.230771943,12096.5513206856
0.08,5,0.131293370451427,0.493443234496429,0.198470204486312,0.00523132587664881,2.88091973057109,1330.3492263544,83924.5121187648,10935.9428997589
0.08,6,0.132870498556737,0.469040370829719,0.188739475029593,0.00565843696824017,3.08352902672112,1551.71708603918,82676.1953646527,11825.3274809112
0.08,7,0.132508700140891,0.476146485428337,0.195640887714323,0.00571964955076332,3.43373473727436,1427.71177854343,83675.3197052604,11275.0327930126
0.08,8,0.128186010174453,0.457346660095159,0.212708448255998,0.00591049363884299,2.70015823791782,1300.97896921428,76451.642994789,9189.7909503801
0.08,9,0.120647519313175,0.549673346068048,0.193459796859941,0.00546073684262905,3.32726763564604,1535.29486304941,84946.1593580876,12301.4070031364
0.08,10,0.134790311362868,0.452818676908642,0.19248777437254,0.00540836063645792,3.06410856031295,1448.37986312571,82171.8543693755,10530.661274876
0.08,11,0.130702454786754,0.483713255968903,0.189000068262128,0.00544327860764261,3.18060709084394,1479.06575482723,82751.0059426558,11599.5020774696
0.08,12,0.122612179309985,0.530420733199783,0.188051923311353,0.00545042381706835,3.51717002033627,1613.37857409533,87277.2898906173,12474.1248328367
0.08,13,0.128339747600691,0.489911037669545,0.189323079776666,0.00549342262861582,3.15032937565114,1412.6445196906,82589.9097777036,11844.6432908514
0.08,14,0.138834504780033,0.503412267699287,0.172611701495811,0.00587579302197024,3.4762193707815,1902.96880090893,90933.3392400843,14304.3764295901
0.08,15,0.126003855394349,0.490344583400947,0.182937608750155,0.00582014650316332,3.27298226167357,1681.01889495205,81489.4021261659,12331.7788888793
0.08,16,0.126125960176631,0.513517224080287,0.188627539960516,0.00538097212083854,3.27035581680097,1621.87412588044,85500.7178605205,12560.190450875
0.08,17,0.125670113403352,0.513846864033776,0.182293275450213,0.00543744073793134,3.33320769548473,1602.14341043701,84987.7977764035,13322.6370683801
0.08,18,0.115837150955412,0.519815406191101,0.192742086984332,0.0052344046449827,3.30633174010631,1475.41344328965,83412.1884560044,11804.2665395997
0.08,19,0.129616176645894,0.535352872636635,0.188016409906459,0.00548983624509708,3.45984823968673,1664.58265434098,87185.5093683082,13526.1236089961
0.08,20,0.12632552071776,0.507977538286774,0.17577475396955,0.00521812378232531,3.66604439542931,1654.0645988352,84157.3667004163,13778.586063994
0.12,1,0.141165173747859,0.566938679854553,0.221171837328022,0.00594909091555797,2.95432697314397,1440.58292113449,85821.6830783964,11858.2129448441
0.12,2,0.129246372542123,0.544226263066076,0.214404451378352,0.00707849390880934,3.10934934666931,1765.44014675291,80263.875990813,11608.2220248102
0.12,3,0.128895872519225,0.540441162128639,0.211806211757399,0.00639079868030625,3.02122014506942,1543.27339657618,86124.8268645932,12095.5224216761
0.12,4,0.122914898456804,0.519067794825132,0.216178008278631,0.00661759831426425,2.65172000918877,1589.27233851399,80433.4864713832,10215.6728210489
0.12,5,0.126698682328586,0.532328481842847,0.200618844797192,0.00631627365886025,3.16591733468429,1598.99197807704,82778.3309413013,12146.6272257392
0.12,6,0.120265288786626,0.520407654496812,0.197601965212596,0.00617461411898572,3.33743002995984,1623.87341478313,83816.1795114831,11979.9696328538
0.12,7,0.126610982932751,0.539983386050019,0.221770617475048,0.00671748706970449,2.97925337369983,1522.63034810406,80374.5668218056,10287.2586026529
0.12,8,0.138398719991188,0.516871108205798,0.228617028659797,0.00654020581188163,2.7056474296588,1443.42600033495,81343.2332136298,10157.1957963127
0.12,9,0.122131122905335,0.489342451507926,0.220969319029681,0.00623584878147418,2.75988423088824,1358.52698077627,79219.0026839745,8714.02545611353
0.12,10,0.138253616432674,0.56747002922963,0.205410942910061,0.00619612601945848,3.41522529002741,1617.356823311,88499.1763641667,13693.1144579466
0.12,11,0.127130368638062,0.565700505520155,0.198442247128562,0.00651139831571973,3.34943957995507,1705.87553666446,83981.41686997,12680.9185327545
0.12,12,0.136903432388723,0.504596191522439,0.205608940356112,0.00606439299049643,3.15667489597006,1562.74255446277,81863.6037602969,11657.866828473
0.12,13,0.145377000342935,0.532006176373964,0.205046626537955,0.00625949552976021,3.20057812384452,1703.2970573098,81856.638322818,12982.4228408257
0.12,14,0.138954551304314,0.494667302340267,0.201648086732799,0.00653556345313946,3.02265059120795,1690.50515247581,80642.4122591851,11889.9511468364
0.12,15,0.118501931944236,0.531255924588215,0.216989890731325,0.00638467811701687,2.92560510503989,1494.72797179791,77986.9075838213,10403.0388912614
0.12,16,0.129914206293374,0.50641532727026,0.194244063641948,0.0066228781405,3.21041415474475,1790.59629751564,86054.4604146255,12196.3823938073
0.12,17,0.125601839690771,0.541759785781465,0.200561158152145,0.00674312597759556,3.24161985956678,1783.62571079224,87407.2121666183,12186.4643440813
0.12,18,0.123816929212647,0.566819986809954,0.192777680127141,0.00630026510265155,3.44434531155948,1803.34927835484,87708.8831792242,13909.7479556754
0.12,19,0.128448597770009,0.569193394504772,0.205371907480204,0.00657218036377784,3.41692635439627,1738.64976121539,84981.5925514646,13244.5904982038
0.12,20,0.140629525486898,0.566021390629037,0.199183109912964,0.00626757968024107,3.41206343026364,1796.55510805007,87940.2018551643,14428.2965811415
0.16,1,0.139212965625772,0.527850921301904,0.250702960940029,0.00753194144792381,2.72261512819004,1491.49150771872,78283.1306750244,8555.8479234695
0.16,2,0.124383256099515,0.525667753987985,0.251421894341029,0.0076619277430791,2.44581195086968,1430.58785032451,73851.527483073,8019.69463667156
0.16,3,0.144314874740294,0.555508809759276,0.20943259828563,0.0069001075671472,3.07589270270713,1747.63556312095,87519.7257660859,13503.8258189882
0.16,4,0.127863201720082,0.599082533129023,0.23108480236927,0.00769609452371612,3.01348733685587,1736.40794438688,87097.9550224228,11647.630870477
0.16,5,0.142417197987217,0.55966694022223,0.234795558502868,0.00850318275585371,2.67958694739951,1866.81744868327,78758.7603967458,11077.2180419264
0.16,6,0.136314733447532,0.575474415893966,0.244211871379485,0.00722077552225282,2.7667150734817,1577.42678303507,82047.735580093,10236.8791050158
0.16,7,0.146228508074463,0.581973063648926,0.242064904709663,0.00797399287335824,2.84893997970228,1620.55122490459,80343.3742389931,11091.2838851705
0.16,8,0.129205745935579,0.591754702954439,0.228108569754738,0.00687298188422701,3.18829958886881,1637.75634867092,77132.6133908976,11409.1722396046
0.16,9,0.122430222618616,0.535026084100048,0.244930749099997,0.00743219174596828,2.72684149678501,1480.75454224626,70540.4970537735,8417.94059421359
0.16,10,0.143981935915409,0.601841475978051,0.244238968354107,0.00734273321923279,3.13162033211691,1598.37956486296,85645.3961335589,11828.2759217779
0.16,11,0.123874814065515,0.554052432415079,0.219742240607828,0.00714098783146407,2.86278320176983,1661.8389675909,83061.6746960334,11687.5465791093
0.16,12,0.151361155911582,0.537466646814491,0.243783817500676,0.00694761176718906,2.87570111092734,1453.09391409247,79797.2895822131,10389.7221273018
0.16,13,0.131514385931259,0.550218870711917,0.242520808835167,0.00766533859530132,2.75794075331824,1541.05494769458,75555.6689791872,10275.9834638939
0.16,14,0.125148393396499,0.52577001684472,0.247883076047085,0.00722394585563629,2.53209010743291,1325.54091581656,78720.7175363291,8159.82750343803
0.16,15,0.136538071849984,0.558851679243308,0.227952245629336,0.00772008600875179,2.88762582861896,1674.45181819991,79394.269664128,11147.8938275622
0.16,16,0.136785668375817,0.524470148272377,0.239314443961859,0.00657713542776761,2.80687322117285,1370.16883918731,75449.4449093872,9252.32902125831
0.16,17,0.144518409100057,0.523741359527076,0.231804090045893,0.00717046844753804,2.93384787843108,1488.47472458919,78648.4429219584,10350.2369604433
0.16,18,0.131903873802756,0.54682832789626,0.216154026421844,0.00678472084560051,3.08716812786057,1574.70961516713,80739.3810786584,10694.6555890572
0.16,19,0.145649917361058,0.521001851265489,0.220108688515586,0.00726217758459557,2.95983123500675,1698.92134684548,83708.4303805568,11121.3278009159
0.16,20,0.137323503696318,0.562525230284431,0.251855412455573,0.00728830778657904,2.63622567126898,1384.24986278802,76617.0357912846,9579.90207367683
0.2,1,0.142140697664761,0.593753025459117,0.262890622266871,0.00747808718904167,2.62951750515286,1423.95399515586,78376.9269831833,9894.04564105246
0.2,2,0.143086931397673,0.558455625936081,0.244245136052681,0.00792111858648984,2.77601807239439,1644.95933874356,80988.1741755954,10440.8728970173
0.2,3,0.140698497697773,0.576079161019038,0.292858165382275,0.00781206665603778,2.42668985391722,1185.66395576606,72101.4265193507,7890.86665059867
0.2,4,0.12969383843836,0.613212917294316,0.263794104338384,0.00745724244124662,2.76896551267507,1410.33353182069,79574.106245899,10188.3476589469
0.2,5,0.137229277845281,0.550829302476064,0.277272790758305,0.00812933946866019,2.48700507308995,1360.61798280325,70937.9097083289,7812.91194695638
0.2,6,0.134663984143376,0.619834615572934,0.24738193479648,0.00808497737565955,2.99286372502977,1713.55981075823,82481.4759120785,11489.5456271608
0.2,7,0.153433173008475,0.582198115591095,0.288033830255966,0.00792699207912833,2.51356444687316,1273.25388909607,74038.9438704325,8781.31714413091
0.2,8,0.139977496721925,0.553139392680882,0.262726939370309,0.00872881993889866,2.5177144230899,1627.18737847878,75863.1652647468,8808.08063530469
0.2,9,0.144004328404542,0.565853459312333,0.275920123872243,0.0088074050162342,2.36326097935055,1496.64427168157,74505.7320903076,9237.44163068876
0.2,10,0.14233727511926,0.529300988714913,0.260144570087842,0.0073359010508386,2.48258103533241,1380.71425884092,76047.5920500851,8753.02077499827
0.2,11,0.132132864297716,0.621564454159696,0.255708746364103,0.00870832099920228,2.95195451755188,1814.40715152086,83410.1697849364,10648.5044649081
0.2,12,0.141606309420607,0.541271009306943,0.251680713405282,0.00785544812841638,2.5734540822838,1471.01124902851,76066.6302897069,9540.19960419699
0.2,13,0.133879950490991,0.598087304062633,0.275673682497469,0.00848029343880437,2.55175276595871,1479.55266728313,76008.0408729225,8837.36800632206
0.2,14,0.139415110531655,0.522218292408637,0.265659827229478,0.00804637325818384,2.36795682023895,1399.36527837583,72133.3634409486,7125.31318117343
0.2,15,0.136989394790648,0.562249959729797,0.261144884889685,0.00711912898317856,2.53691302748989,1425.23469239125,78054.447349698,9239.44958521672
0.2,16,0.142994848092817,0.57099562984195,0.246954036628402,0.00815255692323169,2.82831788404272,1683.4956878393,81712.0758677651,11029.3306922058
0.2,17,0.135888385903268,0.588882236277573,0.26774095393022,0.00847982915764741,2.63007188656238,1565.47737045481,76018.9230558004,9350.98301010839
0.2,18,0.149625407078347,0.560504443695177,0.235320008955351,0.00813583203632477,2.90897278875602,1879.19729514266,80424.8079450996,11142.1609321317
0.2,19,0.153252418095647,0.560465845002887,0.250837597825505,0.00766618140616549,2.88802891216097,1436.71542358292,82070.2359721854,10108.032009101
0.2,20,0.138402529626273,0.556093128465539,0.250127558288995,0.00837832731761872,2.80863623236357,1751.12768726962,74270.8506214127,9039.66899187962
0.24,1,0.133674657130163,0.625566247940338,0.276635372694818,0.00895439778425422,2.61982803517211,1574.79158086649,75373.3378031128,9739.53408025741
0.24,2,0.134764857655799,0.612395838735838,0.271620821405462,0.00799838244046243,2.66841645227951,1420.52169986906,80392.8063700913,9793.07144535048
0.24,3,0.140830177282351,0.623482371522075,0.302365005240063,0.00870450032237885,2.41028146454172,1317.6549403242,75576.893118673,8410.42514593183
0.24,4,0.151526435444179,0.602198314474499,0.266430772559833,0.00895145917085369,2.65165913321184,1663.61380170136,81921.5603960923,10642.7648395624
0.24,5,0.155177083806809,0.61494406814746,0.262276349877775,0.0086181415002337,2.89066464162747,1812.04271060301,81994.7112594691,11563.6960748926
0.24,6,0.126583973254094,0.550977689380061,0.265163558114684,0.00954717228304251,2.65674359814377,1612.81392277297,72448.5894750436,8021.1091403588
0.24,7,0.136349870838158,0.604084254457326,0.271912179046823,0.00829497946962618,2.7356618435509,1514.439232214,79012.0113124367,9741.69290100519
0.24,8,0.138205536635041,0.593088722517214,0.301124007385798,0.0093614693446535,2.4191254486804,1493.92747832659,69750.3259575764,7907.87866869108
0.24,9,0.16016451270504,0.589254283981548,0.300437491280324,0.00892772553117212,2.53901942043185,1488.94840831205,75287.1381952791,8778.00073980196
0.24,10,0.135752729744624,0.675245617331246,0.28241004258719,0.0087493057970472,2.69596862934081,1581.43353544605,79689.8745492442,10111.5941633421
0.24,11,0.14366382725295,0.584890789957882,0.291097336916863,0.00863408720502556,2.24502154182668,1399.9372563225,72523.139969121,8238.14406823093
0.24,12,0.129248512186693,0.612572589316972,0.29017660736653,0.00855592055211308,2.36818287542955,1465.19841558583,75716.4470122862,8316.85544080124
0.24,13,0.132800517074301,0.578837015516845,0.269745793671335,0.00865534231570289,2.50001100107401,1442.91732152401,78178.1581327567,8616.65202560612
0.24,14,0.136938093142877,0.648751996471994,0.286563957251856,0.00905114548460194,2.60534518060961,1585.12955512606,79064.661788997,9895.30041977802
0.24,15,0.134090901934739,0.618775342880662,0.290096316815225,0.00780050722832026,2.62932113499711,1306.66957300574,76616.9260628754,8686.21485297288
0.24,16,0.140044755584456,0.560612803850203,0.287532203862164,0.00935300328982371,2.49184810776945,1490.56096167497,72977.2043329845,7960.24622107357
0.24,17,0.138022554168276,0.623646777830942,0.264185092323441,0.00851894126233431,2.77221368504791,1616.49922527536,78655.8180097607,10614.0461709769
0.24,18,0.154941023460934,0.646421850772405,0.287004735830286,0.00890975363059203,2.61841585975588,1630.73264719215,80189.4858977054,11317.7878558152
0.24,19,0.133593015349372,0.605565867592072,0.271804047472368,0.0093322691256526,2.70717122732673,1618.52832209242,78560.6919588192,9398.54404660826
0.24,20,0.141735959600522,0.656330805111324,0.31049753270719,0.00832023452353347,2.48460781214306,1311.2405345742,74485.3742304172,9053.75468985533
0.28,1,0.15407113511461,0.727850903303081,0.316146062026004,0.0101643510059677,2.82628047391771,1673.61978297458,81447.9071845239,11415.5558089029
0.28,2,0.14630701810385,0.634041099551962,0.318803480295831,0.00951623973467892,2.39222145920708,1375.95407048577,77261.1675189758,8121.65233841853
0.28,3,0.140636531798916,0.688338688571,0.296038375350667,0.00880343737178753,2.84371263157724,1564.59885425806,81539.6991815248,9930.98379486645
0.28,4,0.148682169287481,0.62865225651212,0.313652077722268,0.00965852476452632,2.41345251745722,1472.80238971903,77833.8436513883,8493.01073801078
0.28,5,0.152289605955605,0.589985819575993,0.314345432643483,0.0100661623531646,2.25650879896037,1488.3762687902,69478.4174985793,8029.54369892287
0.28,6,0.132181250438843,0.639008798822178,0.293776206487264,0.0100811277402643,2.47461691504192,1680.28504634235,73772.8695703476,8937.78789216512
0.28,7,0.141910904035559,0.656101941115165,0.305777347927196,0.00963844893745923,2.42822875530791,1486.63981292624,77866.5829378825,8813.63558486161
0.28,8,0.144757743848767,0.634801408297058,0.327969652438611,0.00980471357966407,2.46689091702499,1414.70559108914,68680.8234889857,7736.28929999224
0.28,9,0.154766576239171,0.614725208539247,0.322744759507272,0.00930236639879208,2.344227132869,1433.06001932375,73989.0100397354,8358.69342240411
0.28,10,0.143373023378166,0.642994111791824,0.302565953120755,0.0110219385382136,2.50087440460728,1839.97399217066,77301.7615798197,8929.86046731496
0.28,11,0.142643348656673,0.67276445234873,0.332159632543641,0.0100823304145566,2.40290550044866,1376.28839347888,76972.4377703311,8022.88789045747
0.28,12,0.131986987077975,0.621893975848777,0.288130948891841,0.00976280289160136,2.39262738366494,1598.63972434449,72964.1224794047,8818.19075007276
0.28,13,0.13889990470065,0.64325754030238,0.321824858164071,0.0101603771278572,2.45190945306132,1459.80905577168,70366.5977615341,8095.83079967823
0.28,14,0.140990676389262,0.635291285789613,0.298140056807957,0.00901769340415027,2.59528284529826,1477.72669276333,77952.816491417,8679.12488696086
0.28,15,0.151621564989606,0.621088328938244,0.327887708741977,0.00991848909952208,2.37558469380215,1426.44171223287,74359.0345897727,8030.50595627412
0.28,16,0.149895957928303,0.635871256827439,0.278559826123995,0.00946690311452869,2.76899045147988,1777.1690330861,79236.9710745098,10275.273920727
0.28,17,0.143618912904919,0.61038581483767,0.311538067747103,0.0099800209194172,2.38452441646171,1491.72838025267,73582.1005066327,7748.4366275818
0.28,18,0.142172103981918,0.552053949295267,0.30644770815535,0.00959506630069945,2.03937796621392,1373.1444284491,65925.0112806297,6603.2486649557
0.28,19,0.15032940260529,0.692286292306271,0.308572857005155,0.0100128901939918,2.65184949149892,1635.5416948956,78360.2333602226,9920.49550291051
0.28,20,0.145042907660237,0.688638985733998,0.266266066556599,0.00908502187919173,3.19763258130764,1818.62593975888,84709.7025317379,13223.9025031791
0.32,1,0.155719776250545,0.61668684395712,0.297064342681154,0.0101209273467915,2.42785893829613,1739.18127682338,74044.2391415432,9342.54598374578
0.32,2,0.141941678163239,0.708645199405761,0.299834401218875,0.0104242475913236,2.75823648780815,1729.09545743757,79129.7615894668,10345.4516022698
0.32,3,0.141739976809382,0.629617223675075,0.358125035799029,0.0101992705542339,2.03279208345367,1140.66648357414,64889.0406748337,6252.17095224193
0.32,4,0.159874515075179,0.717156887518033,0.338641844358832,0.0110682462495519,2.58098546744702,1587.52843250401,78007.7559110434,10224.2690213821
0.32,5,0.159987748867169,0.656860888537064,0.308286586965154,0.0105609384414693,2.65861492735418,1757.38547707616,81020.0506868392,9781.27195387386
0.32,6,0.145528717290414,0.663014129933447,0.320045883209121,0.0103057928053563,2.50888116119531,1523.28677716776,79485.5716442671,8774.23836362284
0.32,7,0.151845755097364,0.624520107889229,0.32097074917595,0.0103815683502171,2.28911236052566,1523.042149763,73731.1956551806,8006.14190078152
0.32,8,0.167463509766413,0.673598029159789,0.327153969835944,0.0104057946724629,2.66299970557018,1622.72596856674,83572.9980214226,9309.57416074332
0.32,9,0.143342006457212,0.656154284998157,0.309909055177959,0.0102033450798091,2.45648446123127,1591.65977260362,79302.8018916721,8928.96715834453
0.32,10,0.155789466252126,0.65941288175842,0.304436266979907,0.0103301120428475,2.54288760743303,1718.31060871182,76787.5967942892,10163.18375629
0.32,11,0.154461462353195,0.667156568162886,0.331037773264772,0.0102111336785565,2.45196456632803,1437.25828164135,76867.2638526662,8239.11573361881
0.32,12,0.141505860812193,0.608676929837023,0.273306222343607,0.0105951071246691,2.6696775183741,1941.55042213279,79315.4033783808,9055.11611781087
0.32,13,0.141559446473312,0.651859951441014,0.325834569862799,0.0107460231235724,2.28685523917127,1583.31447270709,77730.3140534793,7675.22857396041
0.32,14,0.144639222958958,0.686792073891869,0.313283534176611,0.0106210634680069,2.51113283358152,1666.91892610696,77047.4580169495,10591.890845453
0.32,15,0.1505043225771,0.60804355664596,0.337984388291902,0.00984776959051428,2.05793067459001,1273.46250571655,73085.9946260779,7265.63950700466
0.32,16,0.151502749658232,0.668643495030916,0.351444870767101,0.010847483836689,2.22569620569608,1464.56827809717,72675.7935927489,7907.12281586822
0.32,17,0.16459703856851,0.683791073855135,0.338373611207733,0.0108214532638727,2.53440693917892,1561.89170619454,81618.9215010621,9526.26500881646
0.32,18,0.147301552233611,0.609949806875216,0.321479076886618,0.0101793314593274,2.32209546400291,1380.50422548439,72982.7610688435,7607.91737491261
0.32,19,0.150815543985743,0.627019948426525,0.305913350535104,0.0105628214378085,2.56077246237686,1746.40765069017,77373.0308813442,8720.30065554217
0.32,20,0.145447030458524,0.633527659194592,0.34229075820464,0.0100835636839315,2.1416294704541,1303.10359703704,73359.9175887545,7115.90714779486
0.36,1,0.159880908448573,0.652274788316005,0.354004815060588,0.0120337132526051,2.40861561483393,1508.87839152953,77093.2448049699,7476.06867310498
0.36,2,0.155126092792407,0.754411387818335,0.354010449368294,0.0117788479695075,2.46212906386567,1603.37277730035,80312.4086341185,9153.04108614867
0.36,3,0.154090812593488,0.701687688567255,0.361002637879985,0.0119145859345997,2.24265518591486,1582.73254423485,73973.8562684793,8654.24597888987
0.36,4,0.154083644254576,0.660925182156978,0.334597621512342,0.0109569634203947,2.47250776037919,1544.53639282485,73038.441511264,8574.59367679528
0.36,5,0.143280434302364,0.711251516755556,0.364607799583798,0.011779099292544,2.22781116126375,1466.54191124701,71794.82617799,7556.51168091114
0.36,6,0.158519139159265,0.661262535471965,0.320100734673228,0.011189185902859,2.23501217655279,1762.00892077146,79398.7106509828,9543.57455832586
0.36,7,0.140232271137377,0.647236625606464,0.357701732253721,0.0121035234578083,2.09066373390886,1472.92867073827,69940.9233828093,6631.89052452157
0.36,8,0.147431094092853,0.658527405592676,0.34220250072553,0.0106332013474475,2.24396904009434,1484.9238819066,73490.983251349,8369.63882628447
0.36,9,0.153608761252862,0.702033300186829,0.365569995781688,0.011429326011148,2.14912732988475,1436.75066557444,71508.0554908183,7900.30535037594
0.36,10,0.137585493555326,0.689053388101739,0.361700646913308,0.0108611891489549,2.08601297915677,1382.62575772609,72228.0259036967,7113.26496142096
0.36,11,0.161702233631412,0.652903883545318,0.319677750645861,0.011936240602982,2.36769337445263,1785.74728583284,77984.8489397656,9431.73357425312
0.36,12,0.156098499344083,0.639958714571691,0.349705351870417,0.0116207679228056,2.28164064111689,1478.5825744195,78094.2187418517,7414.0163612644
0.36,13,0.151203822786047,0.658009265202504,0.329070982057508,0.0118375510125456,2.48340077139059,1620.57789783127,73693.6044800576,8845.72170296068
0.36,14,0.155724886031771,0.68596519360757,0.345719253127344,0.011245000982418,2.32884764192574,1570.91575814245,78640.4744677965,8667.97720407074
0.36,15,0.14994163042412,0.663983094013028,0.35917739799806,0.0113975035311673,2.21188358584692,1423.75107670625,70919.0718403674,7141.49324676044
0.36,16,0.166729375588528,0.676544263305404,0.377597279272932,0.0105925095372169,2.17116130093476,1314.94412271678,75767.7999473136,7675.65335956907
0.36,17,0.1454289560281,0.656711402061657,0.343736153732701,0.0113004052705203,2.28220938695953,1494.10057784183,76567.4536389206,7560.52799261699
0.36,18,0.157391315530495,0.722356559668609,0.341692611220249,0.0108633939721627,2.45388435482519,1671.09262926642,77525.5979204397,9330.78739495325
0.36,19,0.152290624018722,0.715915269354325,0.33147562196325,0.0121746601840382,2.49379087436482,1911.36118089064,81463.3396426417,9818.1878402599
0.36,20,0.161630126261518,0.660124723478545,0.31019458876749,0.0107583686675641,2.6080420540416,1652.67050610731,82119.7940196716,10160.9856740196
0.4,1,0.152824890564726,0.669586247019527,0.359251825367861,0.012335528118474,2.21666682334673,1554.46954412417,70984.9145605966,7880.51226425593
0.4,2,0.157839413866517,0.71484541420495,0.374842642542938,0.0118054571855616,2.26311348341884,1494.19251290093,74539.5158933732,7901.61469723949
0.4,3,0.150796090893505,0.687264833134852,0.353377964783991,0.0118162966495952,2.36838377401924,1598.9370366262,70118.4999074242,8246.89330773132
0.4,4,0.146335926602857,0.708983069399968,0.367307392323329,0.0119298578966434,2.14036714157758,1556.79510595849,78209.8572536431,7452.79438372112
0.4,5,0.14593265395489,0.699175131928768,0.375173342114669,0.0132022440348543,2.08493773720926,1556.76502865751,69914.916750084,7104.21516947054
0.4,6,0.15899624359902,0.693942481138384,0.382476589489379,0.0125953205337184,2.22388846321395,1447.3299027511,70520.630299417,7734.38529716207
0.4,7,0.153683725381451,0.71615701470459,0.363811371454457,0.0117999285691026,2.35504773062216,1489.62774915,73426.6252390514,8421.84894397168
0.4,8,0.155659495199573,0.70080828662785,0.364176593733979,0.011525189163307,2.13727690936614,1601.77617490864,74072.6066347797,8471.91601707905
0.4,9,0.146609597107473,0.697529345844095,0.365390902184073,0.0118490606997471,2.24340683973155,1429.06886336824,77116.6372074085,7307.71341601112
0.4,10,0.158709729002133,0.656397891915562,0.386180323700595,0.0126010328605965,2.01519652411683,1389.06624036195,71236.8114107585,6480.67240848537
0.4,11,0.165012443818389,0.677571449913001,0.356947517019678,0.011942617529921,2.22588751151982,1623.45149802471,73895.255312154,8506.19149400161
0.4,12,0.154015684204134,0.682199542264775,0.388983285819265,0.0127202711595534,2.2163711108342,1475.96981406648,70444.1322903709,6612.05213112777
0.4,13,0.158888850278523,0.693518656458023,0.371423245860795,0.0117902866005028,2.3115717248979,1442.96389329174,76237.4050092394,8003.44774408285
0.4,14,0.165549990964911,0.748252463175123,0.356415316139153,0.0111910001552451,2.52109776356792,1487.60787605998,76688.0271282676,10083.11858509
0.4,15,0.156400545481412,0.648073006383658,0.396900715463849,0.0122929049271047,1.99329037421283,1356.20033402456,67350.896034346,5868.12656039162
0.4,16,0.16676675224702,0.656878812061082,0.379569816639114,0.0129854755539065,2.16730616077392,1583.64022554343,70458.2040388221,7100.98748323123
0.4,17,0.153027302215459,0.716780584136946,0.384729220474866,0.0115280441554115,2.28616227352966,1370.50486102456,74525.1301590268,7198.63392262697
0.4,18,0.157933387967801,0.764527197046052,0.374116215350962,0.0127358228037008,2.39460165014517,1562.39134544244,79905.1544195561,9195.69981379941
0.4,19,0.151919343447682,0.716915867519165,0.379386835457064,0.0112870557128036,2.14225772897816,1341.19474758936,68768.3279395921,7785.99332928089
0.4,20,0.160922434140853,0.694089511755006,0.386735743037631,0.0127452238781086,2.20655936530681,1517.54945525064,72659.7335400398,7106.387455371
0.44,1,0.17938550347346,0.756094818463901,0.406508494419391,0.0137245802197857,2.24136391722235,1643.05278208409,75829.4348775834,8562.79815971412
0.44,2,0.15640726083811,0.676337875831391,0.389518372582738,0.01289992617796,2.03830323052409,1463.21952070232,69890.2228968091,6814.53025074154
0.44,3,0.158966299262957,0.750632445383429,0.406989342564299,0.0114079087169442,2.22326009781217,1286.06514353141,73086.9817510374,7585.18388560477
0.44,4,0.174779694792146,0.822519414629908,0.370513264395637,0.0120696191208013,2.49671529953997,1666.13132906601,80126.7210983981,11470.1300782014
0.44,5,0.150062150824002,0.731224600518169,0.404956649842531,0.0140161044022799,1.95856486370243,1543.02013591552,74001.6540727954,7211.79340733818
0.44,6,0.161922256699629,0.753561270212168,0.389104571456558,0.0147610642610061,2.36091652859535,1778.80177926232,72971.6457973674,8608.40594935437
0.44,7,0.150826623394872,0.812574318204642,0.409065237104859,0.0123176234980434,2.30681965818536,1497.28704596028,76790.0621805347,8854.30545834547
0.44,8,0.151097588218249,0.747492798482465,0.389235418065603,0.0118687867302793,2.11393219448834,1406.11921972669,75891.2515983558,8146.03013951478
0.44,9,0.163884297697721,0.744715827090552,0.390055790683794,0.0122039687961968,2.2148999687188,1547.20024154991,78153.199551205,8418.76982677654
0.44,10,0.166967739868548,0.699274097066744,0.382087665307122,0.0125398872615059,2.28661242399737,1514.75467303795,72782.1178395869,7997.99649802222
0.44,11,0.151819316402705,0.751086464893026,0.384698474267944,0.0125051259202346,2.15686774512686,1564.79480689049,77167.5401421451,8274.87520825836
0.44,12,0.163999514578419,0.713796068846835,0.374172645002272,0.0126622478659351,2.3513161234031,1584.50159833866,76159.6020415961,8655.15470549105
0.44,13,0.149539902093292,0.719655137481711,0.371835044676265,0.0130286335119862,2.31091850604457,1640.92807718902,71941.2125202697,7945.44624048624
0.44,14,0.165985476915837,0.719228675833261,0.392038521775568,0.0129432580111965,2.13569320666662,1580.19808445827,74197.3592172733,7871.18198891224
0.44,15,0.174755098541968,0.712784446495599,0.418022454777929,0.0125945806430707,2.05364123021672,1404.33785207208,69464.7727232425,7244.49096287012
0.44,16,0.171631461088551,0.727272538457077,0.405988561726955,0.0133787885000265,2.17275490654888,1504.45532189911,71472.3600883678,7572.26908125327
0.44,17,0.168438367063681,0.705052923290743,0.371331843993367,0.0127770571172012,2.32374000281934,1690.81588076214,74288.1995677124,8094.99266038464
0.44,18,0.161993841968046,0.729003288391141,0.417005120208368,0.0134688254724353,2.10136723051747,1352.58019940825,69281.957073329,7351.10102156007
0.44,19,0.157928487180408,0.704930203463528,0.398749119968731,0.0127143851084876,2.12775459153519,1427.79903066698,70482.115941028,6807.51045541505
0.44,20,0.1581842569618,0.712010040774844,0.381280408419378,0.0139764734306205,2.1752082812379,1686.3050661069,73732.897176012,8105.48998940996
0.48,1,0.171691112122021,0.790821320624693,0.442754698776686,0.0133510444351379,2.2060647668834,1335.39092055077,74125.5622423652,7886.08134361598
0.48,2,0.162056425355605,0.720019697274755,0.428424171713608,0.0135807894421524,2.01587414508132,1415.51955709166,70452.303955822,6473.76527043242
0.48,3,0.164541212083424,0.710066516824914,0.412028237853045,0.013527949399375,2.10294384865661,1504.56892278666,71192.4203996132,7183.51560911531
0.48,4,0.161965795207812,0.742851096222975,0.418159813366773,0.014427918719197,2.0870989882426,1544.97409849373,74778.5181065487,6963.01519396838
0.48,5,0.166378160125789,0.703759538863976,0.42547302914677,0.0133417376478405,1.96468015672477,1362.54991695142,71617.1565483547,6498.20106049531
0.48,6,0.176982582112658,0.731941984380725,0.416442859913911,0.0130872470626494,2.15768737874875,1483.00176593636,72807.6048887238,8200.07848168949
0.48,7,0.153825082577552,0.726919821194201,0.401824738682496,0.0135407521254028,2.1811994959392,1524.55259851322,69555.6956333643,6965.72980171079
0.48,8,0.153111327024646,0.751188379796212,0.462504665633767,0.0147519713744866,1.93283113002963,1344.83036419617,71890.2042392049,5791.27627106675
0.48,9,0.177408691683258,0.725659404189297,0.42803177033844,0.0134692198814147,2.07385319179237,1425.37888641562,72733.4240234714,7692.79466451246
0.48,10,0.154793659496632,0.782644862655346,0.389711878112948,0.013388742762341,2.39828740669629,1617.85123291594,76950.6224405317,8561.90300072145
0.48,11,0.157897330919685,0.781915104980814,0.374639395671436,0.0125097042415548,2.43203631069288,1579.86928808265,76921.6701725619,8985.03926901534
0.48,12,0.150187420743076,0.809746821172123,0.431410157986939,0.0133564145856454,2.13524506290219,1431.77315397049,71579.8432671995,7202.19822264026
0.48,13,0.172883879690232,0.718250155252681,0.381357506318147,0.0130030777304146,2.40798802181038,1637.99206955049,74604.0204323937,8405.87235301415
0.48,14,0.168918097993056,0.766395893557099,0.457785217272206,0.0127768438046259,1.95312106239477,1141.1594466009,70247.6108987652,6659.23600037167
0.48,15,0.167485950098132,0.734780021273615,0.429895313209754,0.0122651239780416,2.17960619519367,1231.57905052524,72037.032974581,7294.23865760732
0.48,16,0.178514587854878,0.78587614160799,0.418450405100859,0.0135060127120833,2.28473794675951,1550.77849643724,83941.5485459161,9073.83056896739
0.48,17,0.150455503806359,0.710232437888402,0.402559344403967,0.0137159705557722,2.09311434179038,1439.83074328014,65295.9893715802,6468.49033306164
0.48,18,0.177995446012386,0.754182368410792,0.45975284283081,0.0135764035241128,2.04134728463653,1332.26044758072,70846.3657875885,6679.85279709644
0.48,19,0.146670908568537,0.781327503299767,0.462790723761163,0.0141595640775839,1.99507347829609,1360.606246099,65829.3050807294,5722.07872561494
0.48,20,0.169093393381038,0.74590866111422,0.405493953211637,0.0124172306946239,2.20602949874367,1471.98935687295,73182.5739632501,7951.04676428927
0.52,1,0.17218450337478,0.880330266373878,0.467811231747844,0.0144733578391037,2.22709872313462,1475.73441576541,80094.4346544219,8852.11337307308
0.52,2,0.166133519097292,0.73887759287274,0.446729012738763,0.0160557927116582,1.89324403213727,1570.79855607565,69068.1548128065,6562.81788229204
0.52,3,0.173674037832468,0.780115102729774,0.424420461852482,0.0146317168571,2.17633456294591,1564.49903238652,78794.187246231,8434.49132910675
0.52,4,0.170985344060991,0.837739457308556,0.423824899567498,0.0140111716017726,2.32594300055833,1579.15640834225,79026.1491324895,8804.47654365154
0.52,5,0.169915212595802,0.804976859448776,0.411138955981945,0.0123891800484462,2.33908864826254,1521.36885163735,75028.0743877598,8645.78468467779
0.52,6,0.183396894112254,0.778083215705525,0.428084156221341,0.0141586968775022,2.09157021950226,1573.82902045852,77600.802139689,8821.72742523778
0.52,7,0.163699669291377,0.77698215812716,0.394046412748728,0.0134557735433637,2.39190361522074,1654.96067319609,74765.3190150513,8717.99431416165
0.52,8,0.155643444457587,0.827064128106295,0.468731695080435,0.0141745823069401,2.12329415533023,1374.35204906157,66655.3081944067,6426.66597625244
0.52,9,0.16408314690274,0.76496546074771,0.428646257379228,0.0136108077578411,2.23730842637619,1464.18441620746,70767.7503392151,7491.61904681514
0.52,10,0.165673475673564,0.807452028033127,0.424419037244768,0.0144109795698438,2.21919522511269,1649.73890292269,73017.4035299657,8141.95374936865
0.52,11,0.177482200094156,0.799111427373648,0.428368767064064,0.0146343097695585,2.23061343586893,1706.68728987634,79126.0794584892,8420.96310825349
0.52,12,0.173822762125953,0.782706707952428,0.461505007112513,0.0147857206322825,1.91770780865146,1453.95257471447,72559.7822449528,7339.26878703974
0.52,13,0.160903045900983,0.757245311605738,0.411077306577021,0.0149087811655219,2.05804872426051,1695.81343824087,73816.8493249837,7791.19750680419
0.52,14,0.170064401037937,0.774948244523801,0.411846048704974,0.0146515077104143,2.15703626403992,1698.78621733985,73630.8641970463,8447.48990424825
0.52,15,0.165774227602922,0.724049786003424,0.448381069418232,0.015881388183498,1.87857883690042,1545.0405081928,66746.8617639936,6165.06503234876
0.52,16,0.179787287192628,0.828574237315347,0.443617643370694,0.0148106393767814,2.21488244189919,1616.37978625654,76077.6671501417,8936.92691049928
0.52,17,0.169933042015158,0.790596920759749,0.433191045831689,0.0150726398694211,2.18057407855127,1585.45591858738,72210.3540860311,7725.01017199211
0.52,18,0.161969910855622,0.727874239366518,0.400036379456254,0.014687775899941,2.20235171333317,1729.98405459129,75073.5465025419,7733.28727561839
0.52,19,0.174663353050489,0.757380870111736,0.415613965329192,0.0141950992991178,2.12434356418554,1581.34135632056,75850.1324644662,8162.96735437685
0.52,20,0.17124921320117,0.790093519063521,0.426118981276583,0.01391273998457,2.23734471894708,1525.97224601528,75019.9405578442,8221.18099671827
0.56,1,0.176428039627921,0.884875646110331,0.484807115081052,0.0164139657179334,2.2430025705182,1629.59971044546,76189.6541778675,8001.84519531219
0.56,2,0.167728505294572,0.790189690668261,0.506149787763259,0.0147963375064627,1.92274691511594,1242.88566604037,65338.545622642,6190.23578068561
0.56,3,0.173660357076712,0.816242692504495,0.47252480501849,0.0189825507624403,2.04273743121393,1758.92948115104,75315.4796645263,7276.9618031991
0.56,4,0.17882511023255,0.834637075576629,0.46271725381312,0.015742047713671,2.10602624776597,1574.16789653071,74722.5530200112,8461.10552541466
0.56,5,0.158989270400761,0.726093132258544,0.480198308992606,0.0154374144425055,1.74469178804478,1354.80255020147,64059.3949025342,5109.64554899459
0.56,6,0.194815607300279,0.759265393276345,0.480658266993108,0.014637757001918,1.90452735597066,1404.56559129297,71234.6613310107,7079.04634372916
0.56,7,0.174293945666321,0.719740017200287,0.46588863292927,0.0168184487825324,1.83590608590823,1573.19995596867,67022.3060940107,6316.88792726679
0.56,8,0.171155129531953,0.791746970500987,0.466150210244923,0.0145247148969597,1.94533940174636,1395.6310378307,70421.543522055,7030.69124666012
0.56,9,0.171517693557108,0.831938000249998,0.453819234217602,0.0149660382702544,2.05680319949154,1550.18629943521,78778.334323674,7861.52296320123
0.56,10,0.182747008554765,0.794507267022053,0.463107984683828,0.0149325652388718,1.9556698842719,1457.79124085011,71170.4130032183,7752.77383728131
0.56,11,0.166298575485387,0.853683353716596,0.413324413350467,0.0145877801563946,2.3186289198256,1697.24558308781,82610.7992031599,9093.84575154921
0.56,12,0.162308932809568,0.742291253446664,0.428915319168001,0.0151933207343103,1.97024919340265,1620.65976688787,71859.2900499765,6811.88855798215
0.56,13,0.174176731459356,0.808773596439636,0.486349443405581,0.0133716775665557,2.02805513811375,1202.56240525041,75659.8427612452,6633.34393136398
0.56,14,0.174743755436794,0.861543528925113,0.427783844021877,0.0163000473061705,2.3357928944653,1849.62251357945,79654.7532450472,9207.72345139675
0.56,15,0.167262475794984,0.792180073755944,0.444666710232257,0.015937273214375,2.09268747763,1620.11582784895,68845.6047373238,7186.87904102898
0.56,16,0.171852742521012,0.78490050414959,0.465219368595512,0.0171520611615806,1.9172413762323,1603.72210085844,69004.4736152005,6515.87532872496
0.56,17,0.175083214903855,0.831785611687935,0.450655983567095,0.0150271242112319,2.17071280574816,1619.85080560588,75712.7752982948,8296.36557439212
0.56,18,0.16904172074783,0.834380439666872,0.434047546763025,0.0141451046718047,2.28840999933758,1559.18523382751,78399.5829016621,9048.76683562472
0.56,19,0.167158817694137,0.738125109459631,0.472975575490652,0.0149318205838076,1.75668309357747,1374.19748445188,65900.4234872441,5912.38886703855
0.56,20,0.164927383705222,0.744271828168396,0.470671839487605,0.0152483547379888,1.83796931693078,1320.13293416162,64749.5534501047,6201.78923545458
0.6,1,0.168569672225125,0.800910940374502,0.437840026583026,0.0151156700611931,2.23179896710309,1649.1992661989,70916.3307877762,8188.6073553095
0.6,2,0.167633259163365,0.86022254243672,0.525296338242504,0.0165527485386713,1.89178103944437,1355.87022119633,71346.3504269667,6278.61672695422
0.6,3,0.185190757692363,0.78205637703992,0.468852228258537,0.0165176089941259,2.07375140772847,1533.90104738627,69523.9833549909,7321.52511915149
0.6,4,0.173085856822407,0.821720306858574,0.51206990584492,0.0162788049157079,1.94399824999695,1371.13370485299,65958.279725529,6290.34427045986
0.6,5,0.180593819139087,0.84622235669621,0.477414408709914,0.0159907442414496,2.08266224953075,1564.98664843978,73633.8469794183,8254.87309998145
0.6,6,0.18972464135956,0.784706020913034,0.522551786087934,0.0154180086747504,1.89136774842432,1280.14871818948,71098.3013908853,6543.43701651651
0.6,7,0.168233937043654,0.803008206063873,0.461162965458144,0.0172391859522023,2.04860163965196,1654.49917511221,70073.859484228,7675.24380941366
0.6,8,0.163639575842855,0.844155602517042,0.469613473522839,0.016758216301216,2.02746291283909,1634.06114097117,76863.2807770154,7408.42885477794
0.6,9,0.179119032752453,0.822630450306725,0.506547763423789,0.014775957736576,1.88050919135487,1271.28059616677,70924.2485939246,6599.58171530856
0.6,10,0.170473741917471,0.858477188101718,0.514767558765839,0.0172968863684758,1.95543604544061,1481.14611897841,70739.5590363042,6813.21747957673
0.6,11,0.173823736088966,0.792386069602356,0.449159355957608,0.0174399744050335,2.08878691775416,1842.90459846492,75873.2429573869,7393.40980858592
0.6,12,0.179226980240988,0.749507235254736,0.463601325357296,0.0140224910477072,1.93070426905937,1375.18437009724,72902.1498898447,6980.69868136214
0.6,13,0.173567406409559,0.89348889436943,0.464280586477954,0.0153840068429535,2.24980807823468,1566.85090200163,76130.5483499268,8876.777831546
0.6,14,0.180506738746509,0.801023340055426,0.483547242880938,0.015977306848719,1.91274514212093,1531.35956497925,76480.7289520497,7077.19636675821
0.6,15,0.170002502248157,0.802285348736071,0.565265458400466,0.0164615358323424,1.58768131439629,1150.27819152407,62980.816999225,5020.3174830099
0.6,16,0.175491373950922,0.832155533954654,0.454090391415345,0.0154422730104734,2.0557674457783,1610.07702817743,70784.4069544999,7953.05117018094
0.6,17,0.17402995638575,0.872642695914116,0.513251313534783,0.01588477509301,1.88307869951214,1407.050810094,75196.8029277566,7202.94861170211
0.6,18,0.170615244630921,0.788982527326221,0.508353424455884,0.0162776508655384,1.8310584410983,1361.64307921617,65995.2986806415,5867.00430207034
0.6,19,0.165094878074295,0.885712508782754,0.507389519640598,0.0163454594873383,2.10253842902807,1433.97386508278,66970.078984833,7077.25630348787
0.6,20,0.182521876561077,0.859858934599014,0.462549031837359,0.0175160258855184,2.17734136962469,1789.27806086349,78260.1803519593,8922.67409550074
0.64,1,0.191282752312345,0.833428476965136,0.521526630587062,0.0168138604739677,1.95777578032137,1460.03273475191,69987.959017126,7072.30363441215
0.64,2,0.176584728578039,0.844874511887678,0.555418275130083,0.0165161067616268,1.82167892298723,1285.44708460493,68331.4928928682,5855.6162689657
0.64,3,0.183837596794957,0.746812331478807,0.543588930244519,0.0161406454057173,1.66502938015143,1230.57254092372,65182.7788430956,5127.70325032705
0.64,4,0.165758484012586,0.922022180915231,0.568611867443742,0.017571267625164,1.91645265760416,1349.17869897658,67434.4162331816,6092.42887192618
0.64,5,0.178250347810282,0.86296951691933,0.561933830128142,0.0174060048472355,1.81914613131515,1323.2204892221,69177.4913557544,5989.97781869134
0.64,6,0.177947355327406,0.812661786550418,0.489097873496062,0.0167663834697921,1.95231951189312,1514.55521423828,72266.2122195648,7216.76663335832
0.64,7,0.172014954549031,0.88007211657004,0.507544500680969,0.0171196971975957,1.85521935575335,1650.13731075394,73667.6797154318,7230.12142459386
0.64,8,0.181329041792237,0.837543248527629,0.495804743667504,0.0168084116852501,1.98696158076601,1573.45328038802,66289.2884795388,7515.85651969978
0.64,9,0.181743697822086,0.895000460440548,0.474745604339401,0.0174732696277398,2.04821586669076,1870.93989739846,74772.9086029886,8699.95131793644
0.64,10,0.184164083444679,0.820741911564906,0.497450836779713,0.0159117395090934,1.94657429966985,1426.99043612702,74355.4657926138,7484.6993216454
0.64,11,0.183130788671536,0.851808106205911,0.518513698010397,0.0166667789407577,1.87538868880427,1503.05724567939,72469.4892956666,7172.21066969301
0.64,12,0.180134695536379,0.895941662213154,0.481828975553762,0.016076518783101,2.23434705595042,1697.15427389813,73775.8095834795,8329.05704747449
0.64,13,0.207143721533793,0.867552558698722,0.518478108886717,0.017956655995906,1.99682607744235,1642.87108426474,78668.2601320084,8467.15775554075
0.64,14,0.159665275746225,0.798142064187913,0.52115499541178,0.0167739496430878,1.7314856803333,1276.30242196474,63794.8682329602,5246.96137207397
0.64,15,0.191357418826985,0.850464916253498,0.541421874627865,0.0184421397151734,1.80272481135705,1527.86496390357,72581.119013223,6999.92486930407
0.64,16,0.182333547076955,0.931428947535269,0.477326643520638,0.0162091252790004,2.18516565898357,1734.39086045947,82101.2825584122,9797.34168113505
0.64,17,0.188876141916054,0.859629159563227,0.505573711443895,0.016342926844536,2.00543324688012,1478.07925505023,72595.2654307485,7793.56938940771
0.64,18,0.169942700528997,0.883011503476607,0.47383239432828,0.0171117668411025,2.23215388572798,1734.22998148842,74622.216469834,8021.73953592733
0.64,19,0.177391096057213,0.848760300518422,0.523979040756918,0.0162246349515932,1.8602660123447,1379.72636264508,68953.3779429624,7056.25328287816
0.64,20,0.191958164515001,0.845109058985456,0.48269614962588,0.0152466288140314,2.1567745580877,1483.95730771797,76004.998615245,8616.99351579008
0.68,1,0.178726816454161,0.853342434740706,0.5567156555514,0.0189531018190227,1.85979680674339,1445.66271275675,67269.5087697052,6358.38311408473
0.68,2,0.200317001330149,0.923420682795348,0.509207966216043,0.0179571022050233,2.22172532719235,1745.06613085105,77277.4590913509,9438.80412113783
0.68,3,0.181871310501963,0.787669966613144,0.51672773051936,0.0180429322219035,1.9668617008331,1534.28717014959,67685.6177596403,6143.87023697193
0.68,4,0.171251617356209,0.830386617009048,0.54794058929887,0.0188866422745036,1.78788192309807,1407.82957285913,64338.0210891268,5624.19797943416
0.68,5,0.183239665503199,0.89460060343315,0.575719657514206,0.0177865206461897,1.75199195607105,1417.97777310883,70047.6692385584,6598.64689038678
0.68,6,0.182054972773899,0.835650628547268,0.552540675892726,0.0182264155516267,1.86042727886952,1399.37684111908,65572.6702402774,5926.80640771667
0.68,7,0.185216436635107,0.859554303002445,0.498641707505588,0.017980416937945,1.91141223132965,1594.2608137181,75003.4821899969,7968.46184874817
0.68,8,0.186578787340105,0.860562725272306,0.554844610162221,0.0194820837193913,1.78645168434991,1498.55823732099,66670.2329267006,6604.09292862778
0.68,9,0.177312282387215,0.860073644067561,0.540274830013173,0.0176616613778433,1.793642696379,1363.01244229598,66479.0707374226,6682.69567660312
0.68,10,0.18293535099087,0.940819646243859,0.52195004256131,0.0173581508002768,2.05443444671985,1487.1442536279,71149.3078610597,8264.83078958737
0.68,11,0.196560559968253,0.899414202360352,0.497957266648993,0.0173604720331539,2.12968135186416,1715.44947500961,74431.8000252377,9000.15750569924
0.68,12,0.174720029767934,0.918327614372142,0.508019569519968,0.0176567976918322,2.14468154758507,1576.82760345004,75808.4768381531,8336.05082846228
0.68,13,0.184954257967636,0.964362689837743,0.553067359518013,0.0173015302912849,1.99401032613668,1424.65220574902,74405.4645603877,8255.11247513403
0.68,14,0.198357615195711,0.853569654997012,0.549933111214721,0.017645004926638,1.90300644961827,1438.8015060369,71604.1829976529,6874.12008657619
0.68,15,0.173350048645081,0.892466656574691,0.544417043747279,0.0144813384068805,1.88167580552655,1172.91504572344,67129.7997497464,6494.17973336727
0.68,16,0.188748290630149,0.880291280664492,0.556614409675607,0.0169977900119009,1.8187714420834,1392.50045904724,69644.4207854862,6784.35316714169
0.68,17,0.177887657945332,0.81850759574009,0.50929208228988,0.0164212350213482,1.99171980676517,1392.47880046553,67612.0480683091,6859.89571466825
0.68,18,0.179171349382453,0.88813357761027,0.563718668670227,0.0184168442859737,1.82404797560677,1495.18144122723,68921.9432979721,6274.53251181895
0.68,19,0.195758609723553,0.870241303034216,0.540808113200454,0.0192411776151259,1.89482741412379,1638.3690035396,72483.4673726747,7239.94575859459
0.68,20,0.186003590359616,0.909443023283247,0.539993756437314,0.0184384613272373,1.99033978563804,1534.3137328943,74227.9073098093,7669.17509575499
0.72,1,0.200696237340226,0.901178336255837,0.578281375629267,0.0186694835800763,1.85929768745755,1413.74519946761,74078.0625224399,7302.25910023644
0.72,2,0.18537402416971,0.797082443747704,0.593038536954055,0.0179779154548506,1.65929844858069,1243.01533038891,62512.1258850748,5186.48690408482
0.72,3,0.185778252666016,0.908993545189328,0.56687713489124,0.019581309386501,1.80595232980681,1603.06359618977,71566.3482168741,7367.07733917696
0.72,4,0.196859472336746,0.905498108410766,0.595013719524896,0.0174976139019925,1.87633043304732,1359.68621819042,70835.8994049608,6984.79492239043
0.72,5,0.180765473698735,0.843431300421159,0.534162210677281,0.0192955576599001,1.81488579788416,1540.01882033172,68897.649267156,7240.42161652981
0.72,6,0.192207279260724,0.913242297391404,0.503932136320116,0.0200584652863539,2.0368524644804,1937.53640151982,78620.4641693129,8698.77793294559
0.72,7,0.168635558726635,0.870932509503135,0.549696574393155,0.0191362975899207,1.84795458518152,1518.41313725042,66331.1449064634,6141.8455460485
0.72,8,0.188640445036086,0.927422300494409,0.538738981566263,0.0194914581264456,1.98901596335318,1743.78928977856,71406.5419011063,8310.11203364089
0.72,9,0.197053788699128,0.927316136939431,0.571297520184211,0.0184707232774377,1.90434325964935,1436.42090498691,72807.1010079947,7676.07427169223
0.72,10,0.177718580848065,0.874729322927465,0.528570824304359,0.0202768674809321,1.98276031572839,1750.3690549708,70910.7134556109,6920.77412199632
0.72,11,0.179514970017273,0.973299232121806,0.550550428509669,0.0184745786304794,1.95149579748315,1461.17094259023,74036.2352644485,7638.63820635634
0.72,12,0.173536609255544,0.98563008800158,0.517416117308018,0.0184070730718754,2.2260182279162,1799.78088065328,74309.6863812978,8568.10778506594
0.72,13,0.191075829603697,0.904720499720625,0.531967738906138,0.0189821775340073,2.00467812765067,1709.1065253532,76056.0133372765,7456.00750484196
0.72,14,0.181903125069976,0.921947348558631,0.52115927147345,0.0188824180357146,2.06070080122203,1685.76835740865,76170.7432956407,7991.67864276708
0.72,15,0.190621880857736,0.940744085604963,0.581355895988652,0.0168950754975435,1.88741276098985,1372.28228549469,74664.7168407396,7337.89711268338
0.72,16,0.195295088046571,0.887646010170508,0.546029086473494,0.0180729254159925,1.92812130031277,1532.68510447183,74100.7561766191,7519.59055443504
0.72,17,0.193202229479154,0.912487216909009,0.566450812340334,0.0179066715723907,1.79411063195333,1446.80940111399,70007.3402508972,7583.68531212894
0.72,18,0.181834035504126,0.921561784586296,0.542222366162116,0.0186339378489422,1.9881760120213,1545.91724780027,73700.8815755652,7621.7422136948
0.72,19,0.187750486519632,0.921099794404844,0.554555284376113,0.0187037967056012,1.88923117649175,1591.14577978456,75116.5089811793,7512.7613638258
0.72,20,0.181488885884929,0.884026205839359,0.594566567827482,0.0199329777164843,1.7115312866924,1390.12055429561,68270.2112859592,6282.88248717913
0.76,1,0.190674627776746,0.948622575178032,0.591306636386211,0.0185500125424397,1.73850718932896,1335.08013080834,69545.7846523434,7044.84887928483
0.76,2,0.192221598263975,0.903721495338116,0.549999705404981,0.0199343412710626,1.92590363392031,1684.55767542118,69287.4676056099,7527.3110368484
0.76,3,0.187501615200724,0.953328321938677,0.527723223459604,0.0182426070359262,2.0198654644297,1728.89025073397,78059.0100712524,8893.2337965507
0.76,4,0.228223725214984,0.891113548531567,0.604293416260611,0.0186520296417392,1.73023895110124,1464.07822541032,73412.8400823835,8206.59614367309
0.76,5,0.190816299530678,0.908614221420619,0.593472975275551,0.0194073121967763,1.84620468423124,1461.01713965802,72472.1904221991,6557.38917645983
0.76,6,0.185378538000954,0.983954136794328,0.613774212003859,0.0181084219923644,1.94369730225719,1322.54386922428,74274.7533018254,6689.83092562616
0.76,7,0.195407304220278,0.926010551823661,0.567690646866424,0.0196368146013125,1.89605919587274,1497.33450096112,70891.7803540161,7532.86675841488
0.76,8,0.190852859221519,0.926172815466135,0.603943897987758,0.0196282064863472,1.81405430176829,1501.79477391984,68675.8689168922,6578.61929304663
0.76,9,0.192381458804502,0.983836775112065,0.577584836213771,0.019046635673163,1.96093538567902,1571.67866593197,70161.97500284,8046.63827204558
0.76,10,0.19294438588766,0.968063842229072,0.565545354925825,0.0192475179573517,1.94674446055188,1588.65638862939,76218.0795332529,8297.9873534734
0.76,11,0.178518974838163,0.97121296624416,0.602623447374631,0.0181353461314947,1.84730454523534,1297.42523958379,69093.4315273564,6317.16119574908
0.76,12,0.202616357575337,1.00990185707516,0.605275346652771,0.0187091293281424,1.92975675663616,1513.28277448677,76108.5763007279,7800.32017326159
0.76,13,0.176849379292975,0.943280846034154,0.588863869999237,0.0187486864268572,1.89690899699633,1421.40928247721,67631.069297022,6424.84978185332
0.76,14,0.191175944238343,0.914313496452581,0.615087397088604,0.0186278669848463,1.6517333006016,1348.07766735436,72201.504139866,6402.72549862243
0.76,15,0.179916572105657,0.83010674035651,0.577482866894418,0.0192538802375811,1.67907090120639,1369.73778678053,65838.4062083983,5425.34058903132
0.76,16,0.177093873020131,0.994704351776389,0.568896940364212,0.0193117790133974,1.93828274659472,1587.73037149169,69390.8742281827,7438.87885534459
0.76,17,0.196940574562864,0.96586524807777,0.561517906955949,0.0212472327043011,2.05816142691779,1769.69066453503,78228.8074892857,8355.7550839304
0.76,18,0.188988389147239,0.951149713698678,0.655079858757711,0.0184254691791792,1.68460242550455,1274.18760831622,68005.5899749147,6049.63152504889
0.76,19,0.209244020105939,1.0158697267815,0.600355746370658,0.0190867828417507,2.10699970988461,1540.92852213024,78220.2060784087,8824.25823672753
0.76,20,0.1942662482364,0.931506975130845,0.637923731651728,0.0194764306991894,1.6626604106008,1373.45281869903,69471.7405157336,6302.60407746084
0.8,1,0.180849766931312,0.963349108751983,0.577086672300327,0.0211891733077395,1.86512721476538,1607.86522691931,71915.127213538,7162.11006068573
0.8,2,0.206113678797093,0.917561649314315,0.623263664643303,0.0207179697301785,1.74794500822316,1501.1724181618,71131.5196740294,6939.81534768136
0.8,3,0.216686355543248,0.896587916152998,0.602597775493186,0.0197136926202379,1.85576460893,1526.74712775325,75027.046157225,7944.21972941729
0.8,4,0.202406157348067,0.962249514916123,0.636421025765394,0.020189431088297,1.87225060800572,1406.87445647928,71355.9858129977,7415.00084796984
0.8,5,0.193176119408241,0.911109181474208,0.611274047489244,0.0189872693340293,1.71289841634352,1292.09892623089,70559.8963701929,6332.83422624605
0.8,6,0.174997058536953,0.952243395823396,0.545694108653377,0.0205416380365397,2.06236475194664,1744.67530255631,71673.3531892219,7029.67896435436
0.8,7,0.180702618799849,0.908705427704386,0.604211867826819,0.0212652233867546,1.81502641485247,1447.28210341038,67370.4848068182,5937.69910362944
0.8,8,0.184770421333865,0.955439134024502,0.626688027452452,0.0227605736108043,1.76696521028138,1601.95544373182,67676.3999484354,6284.36274335806
0.8,9,0.18119523186916,0.856505910592639,0.549007221560021,0.0195025863789896,1.82220166983468,1540.25649571176,65944.7690618203,6572.36563720996
0.8,10,0.201799006411887,0.902680360834057,0.589550603840978,0.0177016039780565,1.7958829404113,1396.38071083377,70795.8193013652,7029.51079343106
0.8,11,0.199834355344805,0.943208281388408,0.584739330473892,0.018004363026914,1.91562772923032,1419.71374048034,77665.1055139338,7852.94632988353
0.8,12,0.208060693689505,0.999146722711217,0.603136330605207,0.0207733225713219,2.00023784123327,1600.95858010061,75212.2694932979,8111.31530375402
0.8,13,0.200045188318303,0.960663431967822,0.613578662702998,0.0203755883924106,1.87261720553839,1507.59441081763,72178.607252085,7260.75854694566
0.8,14,0.189345177932113,0.944992226328155,0.582433878770742,0.0192147020409065,1.9717450809724,1510.96293999557,69413.8519646316,7226.3557941522
0.8,15,0.197587658830211,0.950902569173126,0.573575930957552,0.0196731004991653,1.92346157383004,1637.15486111126,70142.9860547146,7667.86073135422
0.8,16,0.179465198495657,0.942268424333544,0.606202277378939,0.0196154005600717,1.80971885381763,1373.61429486532,67358.4130214761,6188.25582520334
0.8,17,0.182989858128466,0.893869884198718,0.605664618628533,0.0206432748725935,1.81043453544946,1462.93457827522,65862.1399343623,5954.75477263548
0.8,18,0.192547176182627,0.977957571793767,0.548012532653616,0.0208464846682871,2.02590672007547,1797.14900731696,78853.5489320105,8588.10512567009
0.8,19,0.2157106944605,0.928062770882016,0.617450998203152,0.0215647464544677,1.71368042926246,1559.5403934061,72512.1737310569,7170.09074675959
0.8,20,0.207681102697909,0.940751528005204,0.570432955803103,0.0201745015174141,1.94767895502443,1648.8866885483,71871.5949838477,8453.08384062838
0.84,1,0.221033078431402,1.03487772110862,0.650458154500393,0.0211387452995684,1.78914721824457,1517.61172787595,75886.4779382446,8831.8074802523
0.84,2,0.189547898891506,1.01780903871636,0.615100553095584,0.0212352150404301,1.9324770897308,1548.89747658798,75315.3929408831,7197.40149481432
0.84,3,0.188143378178356,0.984959840263701,0.600442896924823,0.0244256369152825,1.8617157568364,1783.64718910071,70914.3261659401,7437.07483414633
0.84,4,0.212795712155251,0.941319048126637,0.58514389341685,0.0195546542036293,1.86295700105,1622.29592608737,74965.8979939614,7511.31801297091
0.84,5,0.205716914996347,1.03222220406078,0.558202940254766,0.0204653842816156,2.13445623505318,1778.38055302475,80597.04663052,9732.28263687245
0.84,6,0.204294019024443,0.97852830961228,0.599898610809914,0.021061819593453,1.82672334496446,1601.41332560484,73474.0073937554,7867.13294708774
0.84,7,0.199275567084124,1.04920232057588,0.643751097422687,0.0198440038668055,1.88893646973525,1434.20455376681,71182.4513955257,7498.93924278203
0.84,8,0.186244356422563,1.01529789004972,0.585696140004679,0.0203124745105054,1.96604595873177,1592.34616601195,76717.9549807256,7621.04637822429
0.84,9,0.206986103792016,0.961046906342403,0.620310283451423,0.019570747840251,1.91206406240384,1461.71073737342,74027.2145583761,7799.46597477248
0.84,10,0.2099731022747,0.893606137636969,0.645980939408302,0.0212010095278707,1.6215024154798,1488.53099885515,65952.7977695901,6678.60091453856
0.84,11,0.216474570536087,1.07165755022958,0.611049006327514,0.0207683957503631,2.02553408825447,1697.68952661764,77280.4790964811,8989.42883388931
0.84,12,0.194116134132748,0.905183258860664,0.611205779841987,0.0199962094574353,1.74532557419152,1487.23848579365,67548.5598615216,6423.23428017339
0.84,13,0.198827196337399,0.94740635220639,0.644481692807292,0.0190371627381219,1.69357771612577,1334.24737871997,70719.6081702625,6745.71984094804
0.84,14,0.218655918057608,0.948605245716966,0.666801900415452,0.0214638423190615,1.66011093065487,1463.31047343296,71717.0520803089,6934.98901672498
0.84,15,0.207606106234269,0.990916881394318,0.627988607762218,0.0202150770022488,1.78727217615614,1460.00583823736,77203.9000591475,7593.37561756368
0.84,16,0.202467649515064,1.00085082512797,0.650956049311845,0.0207570746126909,1.8145652593969,1464.55307685345,71520.6514016259,7061.79319745913
0.84,17,0.202815148846163,1.02958967898464,0.619669986126751,0.0223509746966731,1.9567455699649,1748.14572800671,75935.4879517026,7463.1385614411
0.84,18,0.195000498600319,1.00165044045324,0.609149649047355,0.020490829794315,1.89521375787765,1512.84585568878,73044.3321795715,7600.62610194807
0.84,19,0.19056528768107,0.986061313243406,0.619755713779383,0.0203593327277126,1.75796938309244,1560.39729267947,70855.172702914,6968.45609899463
0.84,20,0.197893892771477,0.912286105208788,0.588066538833625,0.0211075252842509,1.80841405806249,1675.66930571731,70782.6997437121,7193.71650299792
0.88,1,0.207166262779736,1.00089799800874,0.61345506462106,0.0216932820966845,1.94903220971278,1710.86904990377,72627.58782698,8041.57165744061
0.88,2,0.196053720071113,1.03584660980184,0.598931831019638,0.0204637635242779,1.90649385318421,1631.40874052237,77834.782502635,7870.52474598447
0.88,3,0.219785516694882,0.971178579245788,0.663514759098991,0.0210769036150577,1.7911267165384,1446.19669124826,72805.0309331141,7429.26790751043
0.88,4,0.205787971613505,0.956356404471247,0.644753057408436,0.0208142172875055,1.73990283192551,1453.03733464835,67404.6702562653,7119.51360312746
0.88,5,0.188154299438342,0.948185276527997,0.655398350818048,0.0217933897411509,1.75407019618856,1463.18982702178,66161.5219094875,5938.59144148405
0.88,6,0.212259024310952,1.02531882727481,0.651933966355343,0.0219664338355752,1.86584028397329,1610.93598885088,74278.7845460205,7847.57475656689
0.88,7,0.208859559368408,1.02655350207225,0.644863484381529,0.021237137203572,1.95926429577931,1478.34778146522,75871.2182439489,8400.92130715122
0.88,8,0.200394045737183,1.08534892228852,0.634927947560993,0.0203793532243127,1.88864215537522,1502.92720616428,76495.9233365652,8459.82845419887
0.88,9,0.196244745636864,1.09611138187334,0.61783885930189,0.0239670766128273,1.92690779984506,1976.1273309174,70925.1165655537,8354.91722953746
0.88,10,0.212878636677501,1.04877667473042,0.628080656725146,0.0215484940461155,1.92418387319106,1634.06088285989,80255.5153447875,9502.02453325282
0.88,11,0.187780788521141,1.04876266365822,0.635463010473396,0.0217676837548391,1.87867278760818,1573.64595115749,69992.2465046065,7442.13460329282
0.88,12,0.203080361277419,1.06925187554239,0.658553645326592,0.0218577907812011,1.87077476255924,1550.86100734496,76805.6596612982,8036.66858021243
0.88,13,0.195149957925855,0.951912405669262,0.619157018290544,0.0232718218445176,1.75029886765219,1687.41115044881,71301.6908185896,6970.69597237712
0.88,14,0.19742773880567,0.991705515452059,0.615539681311416,0.0215787065275285,1.8430316746022,1571.01691835448,72530.0551330244,7631.63646993146
0.88,15,0.217256728776543,1.04595289999766,0.697998670295391,0.0244587383435714,1.76521124794096,1645.97117400325,74292.7970995509,7520.26127822637
0.88,16,0.18849483196083,0.942937867173754,0.685899952148356,0.0211148305659169,1.58286895444168,1263.39830985093,62317.0636964401,5303.45779682983
0.88,17,0.189187058676513,0.99871932201395,0.674712194558749,0.0211729386600821,1.70204165143392,1324.67390649146,66965.7129555084,6357.07524002885
0.88,18,0.203714180620838,1.00931004854254,0.630030440724545,0.0245716717962682,1.69742835321003,1754.38532490797,71332.535591076,7648.86135381398
0.88,19,0.191558736712522,0.983630522700388,0.681835671164629,0.0211092001052089,1.70582286251277,1276.3306601534,66622.9037574797,5828.32781457685
0.88,20,0.197770444364453,1.06315915508747,0.655670235043174,0.0219781022882374,1.8168515005881,1617.58289682056,76477.1492265511,7470.05716382727
0.92,1,0.204822096286478,1.0566913961482,0.695708597978599,0.0234097304616509,1.77794878229944,1480.41102319923,70963.3857373418,7139.23111651936
0.92,2,0.227644322299287,0.934508570933286,0.592197200550106,0.0189985689333376,1.85775273574178,1619.58274002768,79165.4036813694,8726.78858088948
0.92,3,0.184577153208486,1.01621103192465,0.714126359383815,0.0229722450361207,1.66317992176589,1374.82053214817,65319.219026079,5349.68320273982
0.92,4,0.210634806791249,1.05651742618602,0.582298812150638,0.0220903431655169,2.05324783767021,1802.8196074848,77390.8649171158,9683.66932956953
0.92,5,0.192653939263282,0.922641952130638,0.679014936796482,0.0228520971326569,1.55660575669186,1431.02546191839,63806.5159634899,5196.18934727091
0.92,6,0.203052406611333,1.09152493741904,0.633506667442449,0.0241644866822194,1.90468631046345,1837.6576703577,75133.0737734455,8759.15834089458
0.92,7,0.213177581441371,1.11373157322797,0.63361807201098,0.0208276680047819,1.97892178784871,1657.82237383503,78024.5687911552,8872.9521896292
0.92,8,0.18965437949138,1.10895577759741,0.728644333032543,0.0238069253041841,1.75191811729748,1375.71585190315,69572.9333145274,6331.90200165808
0.92,9,0.191033808398094,0.929681134587944,0.651326704971326,0.0223778317430392,1.6300883747194,1442.31309472056,68634.9250900694,6122.95314318353
0.92,10,0.2115005715829,1.10085421839519,0.675158781896834,0.022990306431577,1.87519180875349,1656.49368742841,74156.966910402,8215.47929124257
0.92,11,0.202798253144091,1.07488107263038,0.622412273927928,0.0233048357361281,1.93100225993316,1796.49044830631,76695.5198034181,8430.55851867463
0.92,12,0.191822615720547,1.04276081683664,0.65524449096058,0.0216440669415801,1.79760246816164,1490.41529779746,76499.9042787872,6839.73253395755
0.92,13,0.196366508257815,0.977984703418667,0.636503316031323,0.0223235691416722,1.85514288045586,1640.58166247432,68045.2546889351,6840.26114378506
0.92,14,0.20912151281739,1.10103078020828,0.690115170063142,0.0236280451523428,1.81334036275737,1563.21359516119,75932.1159032939,7524.64882137982
0.92,15,0.193040376481288,1.10743931842375,0.709396631660372,0.0211027777401358,1.84503242854719,1323.71755865483,77435.433882276,6957.86119464372
0.92,16,0.204990243194641,1.05369736658293,0.700228955291813,0.0243441783993557,1.7643328118109,1597.42526468506,72358.4948195832,6708.47889974997
0.92,17,0.21083089914922,0.962515419226985,0.693451236176602,0.0208182205268778,1.57308634048941,1347.90330811564,69140.4709937501,6554.57512071472
0.92,18,0.210936248965884,0.981949271802395,0.66013093848333,0.0235163640746105,1.74704139411918,1603.30363892405,73668.0110134659,7118.42490428087
0.92,19,0.209673799132135,0.930988177998948,0.653231490009801,0.0216505952232168,1.60577562713498,1437.41859315024,73486.2149507833,6414.90270748223
0.92,20,0.225425219466477,1.10786223282934,0.676792936297592,0.0240047735026032,1.93366166271885,1749.88782120007,76467.7856630761,8787.4746257957
0.96,1,0.225390082257275,1.06198055338147,0.735812760196713,0.0238235086766349,1.76864162865059,1510.82192530786,71613.7655615371,7571.8457188085
0.96,2,0.216439004869919,1.01107427963363,0.671063700395929,0.0226136010427535,1.78845670848618,1593.36691624683,75963.0322368337,7614.06765293579
0.96,3,0.208519955977336,1.00871032547024,0.66672177830587,0.0245806211836315,1.75450099112557,1640.21716393335,69625.1143396178,6843.4481937017
0.96,4,0.207369960439368,1.05982019035846,0.68014371373116,0.0242520089115386,1.84014734527847,1639.41353423591,70759.6823095323,7795.70321249918
0.96,5,0.204317490696792,1.01723138520447,0.669818737439514,0.0246578955025785,1.76732275293514,1623.54029625361,75353.8059097014,7006.15153013734
0.96,6,0.22956153548065,1.03092260432014,0.656310473986372,0.0226516950754945,1.78044527459967,1623.70546041371,76873.7830343253,8370.51848283525
0.96,7,0.203066253217367,1.03378731325781,0.715437603004993,0.0237326258882261,1.80611152491916,1537.01649157865,71401.8934004714,6520.34627553169
0.96,8,0.231537662765502,1.08306569917458,0.726452940578149,0.022852665960761,1.67856252774213,1550.77289847591,72654.9783442433,8181.30474641945
0.96,9,0.208957939363292,1.1301692494446,0.7147857741077,0.0229874402014522,1.84283134563703,1580.21718615933,72073.581329862,7726.31666468852
0.96,10,0.236261981607282,1.02963193178701,0.746915326872971,0.0227284358705416,1.62805998586523,1432.24828193018,72338.3980316898,7229.83856948269
0.96,11,0.213056979784218,1.03631726271156,0.735068214924346,0.0229535368573883,1.71155867588479,1355.21554016355,72301.7836034765,6690.57741189161
0.96,12,0.208541704038895,1.03822969995557,0.668989330175332,0.0229366630264744,1.83593590705215,1512.25441962555,72221.2148905645,7354.36473813771
0.96,13,0.208371941911238,1.12400775262518,0.656301276222853,0.0234262311709168,2.02990176491789,1749.60309211958,78460.3370585019,8558.56219751048
0.96,14,0.2011773701014,1.12849378471932,0.713159026020379,0.0243090491132355,1.91066293213531,1560.22453119378,69230.4280054015,7176.66957718679
0.96,15,0.220456056337918,0.987937045780025,0.691388630406432,0.0233498215198117,1.69063552999967,1542.47492286116,73331.2918956185,7900.86739236422
0.96,16,0.217164393110086,1.05581211971083,0.68790574964835,0.0261304634645813,1.75447997901673,1785.98697393977,74558.7561780419,7812.99045938375
0.96,17,0.189451379622555,1.08072434534698,0.667173047238536,0.0230625522438881,1.77798596950156,1485.14127001914,69098.6472547322,6777.50215071107
0.96,18,0.205073855705401,1.03220250825764,0.744310841869509,0.0212512177207549,1.58982516092682,1217.19586889325,72837.470155373,6044.31077065292
0.96,19,0.199584671186337,1.02786342492104,0.73691050954737,0.0226381317489796,1.69350460978399,1336.14691161482,65892.2099638043,6094.51945581916
0.96,20,0.210592393826727,0.984918632756246,0.723143742835737,0.0215784838526168,1.54804188943102,1255.38878586254,65205.0852686596,6114.10367303083
1,1,0.215653168443538,1.11303769692073,0.708723979128411,0.0246067734145448,1.81358497463657,1663.01674910247,77037.4509319581,7816.92183291886
1,2,0.20509775432911,1.12525432726343,0.673748559240472,0.023633788035482,1.97679084610965,1644.32351821391,80142.2917517945,8165.54098575159
1,3,0.208245411782656,1.0177214444768,0.737185803906916,0.0245105776892877,1.60952115251751,1396.5673108451,67940.8669343906,6552.77404033556
1,4,0.2250995175838,1.05232027018486,0.724134082867532,0.0252959248822358,1.69782755414466,1599.4555485897,76465.8919359363,7532.29099260919
1,5,0.20279603672209,1.04922495777204,0.673269248298065,0.0235667358099555,1.87592642025533,1696.20547474814,74082.4948954089,7084.58106738522
1,6,0.218975754821592,1.09872231774947,0.714371518144873,0.0250042904723058,1.82032687279194,1719.44597313241,76852.0451566665,7675.95570798394
1,7,0.208555706327862,1.06795071633683,0.693417929974248,0.0234473416402429,1.69729279824659,1588.54142035085,73979.0812853596,7189.46813531553
1,8,0.208681093637599,1.0943949865697,0.790491250287848,0.0227638689888778,1.59497039481653,1265.2395469829,68239.3458595262,6152.24468541917
1,9,0.207184960762325,1.10577453816642,0.763458606384411,0.0236431954011407,1.63912512191257,1413.80890527675,73663.1132110127,6633.97006121063
1,10,0.220808971870267,1.079133613611,0.660971752879674,0.0241532134206032,1.88004417995413,1799.83582775019,73000.0604473821,8100.50117536439
1,11,0.202637772395221,1.03322656741359,0.727547746134257,0.023283805888262,1.69106075984366,1396.264153176,67823.6071439839,6386.01928379801
1,12,0.221761850259326,1.07546216648227,0.663614739599777,0.0236412149952539,1.83770875655947,1765.57264377039,77614.3145200365,8574.43692162372
1,13,0.235421797171774,1.14702294371966,0.691251517689587,0.0222091979945586,1.88794288864383,1516.95871041312,79175.5328707412,9981.53453520962
1,14,0.238325288255166,1.0468831440884,0.667134527760084,0.024873740454877,1.9381037770052,1776.07762020505,77251.9051615265,9649.96830768351
1,15,0.227830458304163,1.1839043315448,0.653904665132336,0.0239701581348354,2.14532032221037,1863.1101405203,78345.940808435,9553.12884672869
1,16,0.205435134059452,1.04834141950823,0.752606519792581,0.0234487620386132,1.61995736206924,1379.33058967485,70068.6263482117,6547.89407255803
1,17,0.224803105045742,1.07139296307736,0.754129272031946,0.0239017685181803,1.67454808685348,1474.43918838595,72532.9653058898,7035.3964639948
1,18,0.210307719296598,1.08318291896827,0.690208424089436,0.0241738945938034,1.7539096319012,1685.74465459051,71996.8552688024,7879.40594339785
1,19,0.204152973895795,1.04114498631433,0.692051161653224,0.0229973940383806,1.75141556096522,1452.8483409902,70708.2771795367,6834.1244163045
1,20,0.204128311121067,1.0012177255114,0.674141375310523,0.0226614833402632,1.72804842584836,1567.89517818214,69602.3126045949,6936.82676876905
