x,replicate,mu_E,beta,R0_like,cumulative_incident_infections,final_contaminated_reservoir_fraction
0,1,0.0102985233034943,0.440173708369524,4.31308301967879,8655.58705889253,0.42265734022715
0,2,0.0102275682157421,0.407093104843172,3.8350693288324,8674.66930332251,0.450378349070207
0,3,0.00988932819856313,0.438466552648419,4.16845570108725,8353.88541691802,0.429147761502263
0,4,0.0102073820092012,0.455369763058462,4.32093739427857,8334.02574993218,0.419216663998252
0,5,0.00926636999514236,0.407458841629724,4.08883917442159,8399.00175630253,0.426297967162934
0,6,0.0100655021321248,0.479689965461128,4.75419427560054,8936.79536742389,0.448878608801212
0,7,0.010031246625048,0.441441822128677,4.40953611010549,8508.02642253382,0.436241973695509
0,8,0.0105121565870954,0.437531390722967,4.22488843277837,8190.83149672712,0.438235158947181
0,9,0.010505380600455,0.419860502694701,4.07807742835575,8436.18909755404,0.428498028072479
0,10,0.0097984803346099,0.448627838863789,4.27067600147431,8440.39138133385,0.412596260005464
0,11,0.00983136076207265,0.42082132391071,3.97423286771916,8188.56476247585,0.436298308545027
0,12,0.0102676594499684,0.420013331062428,4.08617513884709,8441.06735900048,0.447091138756616
0,13,0.0100475150954027,0.453109044871084,4.72772951524762,8147.43651920329,0.429979204727114
0,14,0.0105097350081521,0.456674847817627,4.5932822722083,8026.1472899092,0.44914122691935
0,15,0.0101514396254599,0.462710477843905,4.59956312294454,8693.8537781483,0.44778892487564
0,16,0.00968848533053365,0.433188554910482,4.1615808100665,8678.32214991321,0.432678365697511
0,17,0.0101701399317779,0.474394438344529,4.59931277915954,8146.04563490186,0.425924372098762
0,18,0.00960622761091024,0.449959061589127,4.6301383776083,8517.14148048158,0.430869169443225
0,19,0.00960176585996803,0.417920668307173,4.22034856851527,8439.9539077048,0.427408387983655
0,20,0.0100082792542589,0.438476788654171,4.59622866793223,8569.28353516738,0.465203512032303
0.04,1,0.0112614313248233,0.445266599043973,4.55866482529819,8136.70163154093,0.402759603868591
0.04,2,0.0117121873057663,0.457827363449442,4.55161228545851,8554.98037042354,0.449670031167141
0.04,3,0.0119318094049042,0.440223930004949,4.26108130125481,8639.4557444139,0.440701828888477
0.04,4,0.0120027460359685,0.477092292857961,4.39272433942504,8581.22022982034,0.427246243569877
0.04,5,0.0115699270206016,0.473415834124653,4.64414997797035,8347.1755149429,0.420543129976959
0.04,6,0.0125143527347161,0.50384768355493,4.91950324169932,8660.56805504272,0.444638644454093
0.04,7,0.0108337228873391,0.432208618886628,4.20101233819903,8421.92845794135,0.428215985088679
0.04,8,0.0116704026928373,0.444756331448894,4.2685598866923,8260.14291000336,0.443606241565286
0.04,9,0.010239950170505,0.450254566308912,4.33313678421695,8789.66249123515,0.428450476461867
0.04,10,0.0116311765809632,0.45690497174537,4.26482629212823,8050.09969938672,0.441389131550698
0.04,11,0.0113382892421896,0.463429694762092,4.70739883932932,8590.56715180366,0.425373698977434
0.04,12,0.011841313593186,0.46569342888333,4.48009299166895,8191.89158484742,0.406427749041071
0.04,13,0.0117688919626739,0.46617229767033,4.56794672654535,8120.46240040657,0.448839024232893
0.04,14,0.0116758061676736,0.479298454532453,4.69353003911706,8430.70965682366,0.409654830420054
0.04,15,0.0107931164789981,0.455202420515251,4.42903966572734,8678.5946245068,0.414029913871389
0.04,16,0.01248887031613,0.454682258403122,4.36566842673755,8399.25701281937,0.404498706060757
0.04,17,0.0120276883634261,0.457517200877936,4.3831392224513,8497.97086766284,0.420421024335733
0.04,18,0.0118596152107301,0.462446760806126,4.44002739277146,8498.49363354905,0.415187437195159
0.04,19,0.0113030327525174,0.500001514112706,5.14048551942409,8194.58007429323,0.430635123424027
0.04,20,0.0122554696481805,0.471131802975865,4.36353920988559,8939.65378502093,0.429309738961439
0.08,1,0.012669697460866,0.454594736127423,4.39205863631909,8783.11129944549,0.438425004367578
0.08,2,0.0124640228100524,0.441345149109804,4.18822021921727,8152.00775973313,0.407912757499004
0.08,3,0.0133212700188983,0.456489742349201,3.99980121580303,8379.06084771491,0.441338646862092
0.08,4,0.0127166286309972,0.492084129581429,4.51574420115704,8774.95232080693,0.424274599541048
0.08,5,0.0135154268977914,0.473884669304696,4.67779190969276,8147.3556611473,0.43171354049925
0.08,6,0.0118401757623388,0.494567793331147,4.96421386541012,8612.74236645387,0.41861598157632
0.08,7,0.0141503492289467,0.477066337383575,4.33884236220493,8434.50978991007,0.439806849852076
0.08,8,0.0130096248662532,0.478500404291558,4.58911237280224,8613.85638570707,0.425457021420047
0.08,9,0.0128398308240947,0.42962481865653,3.87821222254973,8836.80663761351,0.404998236045825
0.08,10,0.0140940571532226,0.491018653957923,4.61711259927365,8398.58472596918,0.417813842617598
0.08,11,0.0122593918587371,0.427693032184224,4.27756732437174,8823.00229585823,0.420931963117249
0.08,12,0.0124938608312283,0.44395001362901,4.34114698727287,8479.76223345454,0.441985788780187
0.08,13,0.013595093106569,0.461717357913333,4.38474233961552,8601.61036516934,0.420731383164218
0.08,14,0.0130400168081271,0.46467296078893,4.28377390814313,8327.6528666357,0.446239725032947
0.08,15,0.0126762265449062,0.456830206868301,4.25259073620772,8453.78862718219,0.442277557866285
0.08,16,0.0131835949837441,0.481178172086074,4.5298595639814,8860.48909526523,0.435648691577659
0.08,17,0.013888638739439,0.437721686342271,4.17565691114568,8599.01867546866,0.428986833864106
0.08,18,0.0133480963028509,0.454575482678766,4.51527968147881,8352.04722131092,0.438141423298031
0.08,19,0.0136617295807141,0.432187697300961,4.09083688505965,8544.21106659985,0.414699395452737
0.08,20,0.0126767937640536,0.465814182942986,4.33450412839255,8503.08983037021,0.433645367914197
0.12,1,0.0156863283627808,0.488362708323799,4.23054772015892,8971.54517592682,0.414203571174375
0.12,2,0.015390160192393,0.444848268303287,4.12442874781768,8981.35780178174,0.399879906104799
0.12,3,0.0138341343007506,0.488247544011661,4.80266921135026,8530.52180102296,0.437261348156054
0.12,4,0.0156223555343219,0.473259942291594,4.33900455963736,8234.85521477821,0.406770656675961
0.12,5,0.0147566568177545,0.487026228880083,4.50740656901424,8747.86436707656,0.409952718311869
0.12,6,0.01643868192679,0.42340419739137,3.91338448335527,8071.57801539377,0.40880150729707
0.12,7,0.0152007492043137,0.472068923154077,4.2951250883911,8304.21405059866,0.433574514810924
0.12,8,0.0131280003898887,0.492296786735812,4.43842267749601,8348.02057125977,0.439144983984914
0.12,9,0.01518838079388,0.459505232599558,4.25629022871228,8516.19902170377,0.42709178113199
0.12,10,0.0137426238009444,0.428664459334566,4.05646716879291,8784.12876997145,0.395344070775205
0.12,11,0.0143431459238694,0.439167448152439,4.22421663853381,8524.29253039003,0.419383092701239
0.12,12,0.0138256469597147,0.473982689588501,4.18549668515073,8187.8646991687,0.405902781888158
0.12,13,0.0154016555344589,0.429391274734401,3.96199371269154,8350.78597211864,0.422502856150794
0.12,14,0.0147364885627989,0.477136191360008,4.293617655035,8398.58939552198,0.433141008169187
0.12,15,0.0153548454296999,0.467887760572264,4.34800600216315,8641.50327069126,0.400412478876398
0.12,16,0.0182932587361351,0.45991550173024,4.17492440184015,7907.9809082817,0.445439281493462
0.12,17,0.0149967269568102,0.439969700089532,3.92684760078007,8700.67461358358,0.424674311438397
0.12,18,0.0162573251834674,0.469975401962708,4.26449213649517,8271.95654323951,0.415007530219007
0.12,19,0.013093304083508,0.448285720612122,4.31729256608382,8699.48329185358,0.40158953839701
0.12,20,0.0142935245392102,0.47491685826887,4.57356264934861,8558.29536847369,0.41631083702709
0.16,1,0.0167882225759928,0.445433789669206,3.98437926891873,8360.83571885703,0.410252064666166
0.16,2,0.0157965176559846,0.438881180861668,4.14584804188756,8408.24773096855,0.409307123601967
0.16,3,0.0163548187849571,0.448492016947339,3.82526775276589,8508.57220178092,0.429915676069519
0.16,4,0.0175599270693341,0.463181043972418,4.06755979512934,8258.9239128566,0.417240086233673
0.16,5,0.0161640554125228,0.404755765474304,3.86087482395845,8176.13076351265,0.413586240849342
0.16,6,0.0164987234018152,0.421800230564308,3.85980788507275,8556.19372396286,0.432156760775199
0.16,7,0.0157503205155629,0.43483793981875,3.89766053501522,8283.75928124097,0.414221207578755
0.16,8,0.017044714759264,0.43593000276642,3.91043992691844,8291.58842878549,0.411216892217529
0.16,9,0.016200389621685,0.472879170376091,4.31790153646463,8404.82275373754,0.409953601538004
0.16,10,0.018064066132168,0.447423093762533,4.00861606478131,8260.69585703104,0.410433288020696
0.16,11,0.0158539909255185,0.447423695006922,4.05594599446859,8275.78385785111,0.415487111182608
0.16,12,0.015807970568058,0.418058890666148,3.66134663218034,8510.38207614049,0.423853691216982
0.16,13,0.0162791672036332,0.479898966879651,4.38507967437241,8212.54962156985,0.432353872663936
0.16,14,0.0175455377922478,0.459443736207783,4.25741349156225,8259.89708858792,0.419147096338032
0.16,15,0.0159685529430574,0.465812819982926,4.06290696875941,8343.14010248948,0.42396410911525
0.16,16,0.015281648219667,0.437903731673808,4.21018505221621,8507.33027652896,0.416266949848904
0.16,17,0.0176027132714788,0.497042130283444,4.50098322542117,8643.82043753207,0.399566083508977
0.16,18,0.0165535034508438,0.430629481290102,3.96544833294481,7889.09413187927,0.412819926740394
0.16,19,0.0166308317690776,0.509651561434272,4.63050475571632,8212.1447532054,0.432583757386008
0.16,20,0.0170125890309634,0.451605976709693,4.04119290386817,8496.54734207479,0.417491352700402
0.2,1,0.0192137917208264,0.447261104548272,3.72400651335196,8633.8678688179,0.40530884363988
0.2,2,0.0177762943433264,0.473911856662175,4.32524132370898,8547.02937782556,0.419116963418715
0.2,3,0.0178092927199059,0.403374672456947,3.45955411174483,8070.945988134,0.415906945105396
0.2,4,0.0177645196655445,0.452608225917377,3.98383904451936,8008.89540671146,0.412147416752752
0.2,5,0.0164596654361258,0.458921133674415,4.17705105059089,8043.97233859107,0.409772139999138
0.2,6,0.017743672614907,0.475305906398199,4.27980181972868,8892.75440616993,0.406911824264052
0.2,7,0.0188804714877406,0.486493008876255,4.08091755493035,8329.39814129863,0.4081728768456
0.2,8,0.0186308221101738,0.487741839385003,4.32116929450403,8298.71857045051,0.434626422362952
0.2,9,0.0188127329650337,0.46964966922807,3.91813669902378,8405.04034355171,0.401438814129198
0.2,10,0.0167583031338331,0.484415510535001,4.34228717369047,8280.1860989965,0.434614250420632
0.2,11,0.0172439001489939,0.483108499420789,4.23785475739836,8655.51432962343,0.437473971060422
0.2,12,0.017426604429727,0.484268788815102,4.41287170143068,8279.13903564964,0.422981036679712
0.2,13,0.0173992292844063,0.498862603326849,4.32225849901339,8104.8895722498,0.422379367790849
0.2,14,0.0167304098166992,0.417277871676506,3.66228243639917,8221.66123905411,0.426206276288428
0.2,15,0.0175045449222096,0.439194711108609,3.97570362787859,8295.82402655331,0.42416707100041
0.2,16,0.0192549905725767,0.512334547285208,4.38124179801856,8466.44902813005,0.406592852223241
0.2,17,0.0169856536270633,0.497728228490896,4.60920615373981,8545.16598074811,0.418174171061903
0.2,18,0.0169406610390502,0.44205893067876,3.99265282617084,8446.66308419212,0.408694530687234
0.2,19,0.018963976941727,0.457975610089669,4.04827121392119,7826.84008075182,0.41537294663466
0.2,20,0.0179569072041099,0.442016795628839,3.92513239190299,8345.22360383643,0.414766801249761
0.24,1,0.0193606937602656,0.449183458092456,4.00392396297857,7898.76765805766,0.419936293035649
0.24,2,0.0196048117124104,0.472868598485082,4.15218370295457,8453.69584185697,0.400617590302085
0.24,3,0.018592561417888,0.491194582930476,4.20498593172567,8684.74033990192,0.414624217704014
0.24,4,0.0198176676619327,0.438894863130595,3.73750847668489,8670.03613363155,0.38775379363983
0.24,5,0.0198513053498131,0.471787389857144,3.99662345521186,8324.53330062009,0.408160448991514
0.24,6,0.0212256288666163,0.45284505599385,3.84785611239162,8418.80106005915,0.404571364182724
0.24,7,0.0200933202315144,0.495889877240985,4.09672724024374,8712.36998065918,0.430323402771775
0.24,8,0.0191944627707383,0.473181916530003,4.07031312777049,8681.53050982709,0.421332871393078
0.24,9,0.0201579057791455,0.446775779794749,3.92250885003132,8637.65743227113,0.420659629628338
0.24,10,0.0206349493409185,0.435012808382579,3.5940932245306,8708.89050788589,0.387591578925612
0.24,11,0.021033587746091,0.496109821364372,4.19174528095619,8351.00506580835,0.412474457967175
0.24,12,0.0187747099701375,0.497041922310321,4.22819679367062,8436.00777660074,0.387722093470037
0.24,13,0.0204570998110339,0.457084359368112,3.76270486009767,8596.8327855384,0.388965289735341
0.24,14,0.0213181148317517,0.459830575641387,3.85554864414445,8633.92789591793,0.426486528946818
0.24,15,0.0194336161064086,0.458110313039274,3.96504666429173,8582.20684822249,0.415585903556828
0.24,16,0.0231475530576018,0.441374330053482,3.36184025703595,8314.52809982601,0.405457388910089
0.24,17,0.0197382445003814,0.487084554629207,4.26818551691835,8573.69238436539,0.412809397435875
0.24,18,0.0212143768704846,0.442589753939355,3.85537058801408,8078.7725062259,0.426103029813737
0.24,19,0.0202507956866865,0.516316038549946,4.31275470303246,8205.82643365889,0.391900030024922
0.24,20,0.0188847451065617,0.445003832411103,3.7705510762296,8677.89518228172,0.40575861253515
0.28,1,0.0185992125425104,0.494515315934933,4.07352598509455,8076.03787033074,0.431158891091896
0.28,2,0.0205928703393628,0.490204998640805,4.25939621092362,8513.49939617192,0.382339032518198
0.28,3,0.020392172292326,0.50568638316023,4.42062893914377,8693.61360851105,0.433740520789732
0.28,4,0.0216202700344077,0.494695937473524,4.37789944689976,8474.51301505118,0.413712646473951
0.28,5,0.0194011972383933,0.471668819098458,4.14064822687342,8030.9896285324,0.410237250161645
0.28,6,0.020943994001826,0.510840448945615,4.25856219633718,8021.48424946467,0.438635162510288
0.28,7,0.022059462510427,0.452463216338188,3.79683985090167,8284.28029351207,0.410432204201236
0.28,8,0.0228652347249994,0.45557842466879,3.89627819793475,8257.94831788596,0.412086559363148
0.28,9,0.0199132166889936,0.458307153416123,3.75345743963656,8829.14609108173,0.415366301714969
0.28,10,0.020236609217698,0.496113792993504,4.08499080000105,8383.6899103103,0.433207602181546
0.28,11,0.0205560014540154,0.462726164120824,3.87192943186011,8356.0522610145,0.412796151442166
0.28,12,0.0227313643591025,0.444911445863076,3.59190072736536,7915.84184751634,0.400849071947224
0.28,13,0.0214232873047231,0.446485207924687,3.63882570406335,8378.00884477443,0.38501330476801
0.28,14,0.0216621122491959,0.449384330042262,3.65155788433331,8632.12874624608,0.422363388259757
0.28,15,0.0209754432700064,0.466976757645915,3.94798146565753,8194.71136344688,0.390722879059613
0.28,16,0.0229533007488315,0.456927647947047,3.62741587131252,8228.10910205074,0.384445631715743
0.28,17,0.0203546455578974,0.439709749375145,3.91971265730281,7627.15949566117,0.414253208454859
0.28,18,0.0200530850523391,0.440526066045554,3.78663894199091,8327.58834522432,0.4201496636603
0.28,19,0.0210272409537325,0.476100500584473,4.20151443272956,8397.51802214393,0.413885983975552
0.28,20,0.0214600173715938,0.449487946438107,3.68404796331752,7974.45235512453,0.399826774280976
0.32,1,0.0232816659968142,0.486135289594652,3.92046125738445,8413.85612082046,0.387926353069598
0.32,2,0.0226128432304712,0.453600557657988,3.68025557776178,7981.45262391021,0.410848921877057
0.32,3,0.0216564020633377,0.466949940673576,3.93292666368613,8400.77054493139,0.409601356006504
0.32,4,0.022706182397546,0.476676806855386,3.8791549463405,8299.16854326598,0.437755075542995
0.32,5,0.0220453983557049,0.436188420108597,3.48265084512618,8225.85915309631,0.41172829395719
0.32,6,0.0242730113095667,0.483798387356597,3.88684109954124,7941.63245960008,0.402622008066408
0.32,7,0.0237281232372617,0.480041873512894,4.08860177280795,8216.31525215336,0.392057643510497
0.32,8,0.0231686174856815,0.445595022405978,3.76942579798436,8252.31789384731,0.399302935670932
0.32,9,0.022057031885553,0.50748959150034,4.22120034462086,8160.37336336459,0.41011439506486
0.32,10,0.0231247107715467,0.476876390063223,3.93924607943538,8400.24286705166,0.428252293285448
0.32,11,0.025538999616029,0.467296183064615,3.63721323587454,7973.69466596882,0.380638162583214
0.32,12,0.0232178299249807,0.47423410527342,4.09624275601908,8087.537767457,0.408865740090137
0.32,13,0.0226116616381924,0.488300083004643,4.1191451125532,8263.79160316156,0.399776483227681
0.32,14,0.0223983660977798,0.506037507181694,4.12560509629482,8840.42905375191,0.40033836803039
0.32,15,0.0253931110098209,0.431176912619503,3.45645233819494,8291.07618298625,0.377192895030524
0.32,16,0.02090731799489,0.479716711140598,4.01333231206097,8573.68709058074,0.418007124235768
0.32,17,0.0216424519108327,0.508905896843251,4.38043254995346,8332.77831669825,0.429857578274875
0.32,18,0.0244978324992906,0.465745143321981,3.61472234506918,8544.48204215637,0.404546728843892
0.32,19,0.022315689921935,0.463078667170146,3.92366502990244,8137.12911709433,0.391227086722836
0.32,20,0.0219622685183855,0.453576039163444,3.91764621647859,8463.73656082635,0.422890468804394
0.36,1,0.0239489596287168,0.468214148470304,3.80361317288359,8118.54315242993,0.397842799412985
0.36,2,0.022121747108977,0.490009551324772,4.08043840250493,8356.23409384564,0.400895432351118
0.36,3,0.0207204669289464,0.458047652146228,3.92349167033772,8223.14919434081,0.402751342568128
0.36,4,0.0217133433986946,0.484390451068713,3.94447299257339,8925.49110122733,0.411569869611942
0.36,5,0.0250651888898329,0.47017921394798,3.81956116170123,8053.05643719063,0.403886122544497
0.36,6,0.0247150767386577,0.512129520689354,4.16887428420912,8400.70439083919,0.395950688888284
0.36,7,0.0254056416284898,0.502747871184021,4.01294907865383,8116.55217498592,0.403901688628236
0.36,8,0.024483756329838,0.509822777135487,4.14980757182316,8181.13375184247,0.381299837172496
0.36,9,0.0235695648365351,0.517369770174356,4.47151904411909,8169.85639255957,0.403235655756981
0.36,10,0.0237419559341501,0.462669949189145,3.49501571537728,8051.66721452349,0.4108110808174
0.36,11,0.0227200994127595,0.510966872028238,4.14771586412465,8317.16772188515,0.397657234637698
0.36,12,0.0255538983187371,0.433958014201437,3.60278611959477,8682.69514233318,0.371193348264866
0.36,13,0.0228024443091161,0.493523072851135,3.90479713713468,8260.95489025261,0.409574762923908
0.36,14,0.0237490369502252,0.48578978061994,3.99745190623817,8171.82189118647,0.388738011849897
0.36,15,0.0236698144367617,0.431094635399015,3.55528691735169,8389.64853862816,0.389183515387113
0.36,16,0.0243323722614831,0.466972546735312,3.74584906792873,8439.94295961726,0.419748544505131
0.36,17,0.0243701915651988,0.441452676901564,3.68800200072355,8090.43877868627,0.391878522056726
0.36,18,0.0244405170877874,0.451314697946888,3.56170603616231,8315.55513079643,0.407267009507803
0.36,19,0.0248689807365883,0.449690376272342,3.46614618469133,8633.18097594842,0.404322361308622
0.36,20,0.0238957559779207,0.472870695155245,3.90402856631705,8825.90842143559,0.411244950020683
0.4,1,0.0230088318275059,0.437152957142863,3.53547994568845,7965.21487215517,0.422630163531569
0.4,2,0.0246923115076129,0.487760060176307,3.93060417013309,8919.06636210816,0.38950522018718
0.4,3,0.0252489880543479,0.449625591705874,3.6745850723302,8301.72026829442,0.400655959052145
0.4,4,0.0275320533404037,0.460878362520376,3.70262416087826,8131.37046829444,0.411088685233768
0.4,5,0.0240704235382311,0.512007598018381,4.44007163441604,8540.14970764927,0.413941653880757
0.4,6,0.0254833855347975,0.511816726216838,4.24730616233092,8375.1465837334,0.395968514055791
0.4,7,0.0258445016658681,0.515596054600579,4.10110594395955,8045.73913961937,0.428176095612305
0.4,8,0.025850221673094,0.463937021514354,3.5520496699561,8222.22718092243,0.379282293054147
0.4,9,0.0261133914190206,0.464060057900714,3.54617640936321,8419.07592791843,0.392254204118412
0.4,10,0.0259598568381789,0.468392928563159,3.74276574371598,7602.82849849309,0.373826596893145
0.4,11,0.026944970684035,0.463769784472493,3.61671112517488,8281.79332805065,0.414022480318872
0.4,12,0.0240123460126371,0.442854073297269,3.55563394462183,8038.44812995491,0.391599204084372
0.4,13,0.0271435734571367,0.428169268483833,3.24513386725335,8003.39719334356,0.38409090264418
0.4,14,0.0280564735666531,0.488182170032626,3.78498999295201,8371.35117324879,0.393901444916459
0.4,15,0.0265884194096496,0.461184907047834,3.69170956672595,7900.59577798459,0.402497739335895
0.4,16,0.0230469531745826,0.480190315965053,4.10349795651137,8348.06598219382,0.400620615165417
0.4,17,0.0254555623965035,0.444797583893125,3.5470070385182,8335.5383874214,0.412152911372123
0.4,18,0.0259992981446653,0.50666990635951,4.09027512782821,8748.52998047392,0.390232279991654
0.4,19,0.0245314728586052,0.461765338878803,3.7411875578884,8034.72052272829,0.394623390194419
0.4,20,0.0256652257833463,0.516686718336589,4.12898609138887,8676.04143167986,0.405747023507332
0.44,1,0.027278745617067,0.505386126160931,3.76732631500286,8827.94620668497,0.382625527589073
0.44,2,0.0278004290511331,0.465658577044625,3.46259485421032,8495.63047633721,0.396888306863736
0.44,3,0.0278427839058486,0.503387756741085,4.12968071501446,8210.22809786417,0.415889759263114
0.44,4,0.0260952810056277,0.454778801807081,3.55922034819457,8251.95258904699,0.400510285256814
0.44,5,0.0289512753891832,0.557391568190434,4.23870889897993,8521.69004847756,0.40770144774251
0.44,6,0.0283036802452094,0.528784722094081,4.0826178848677,8657.19013652179,0.393521693007694
0.44,7,0.0290532228269597,0.475514604242237,3.55992849432492,8473.39544509558,0.381916809454525
0.44,8,0.0278851983491305,0.459309261328567,3.36009249261179,8666.92650817674,0.387363413847207
0.44,9,0.0281896164088643,0.508210088454966,3.92965618072912,7911.06641782793,0.411873956440264
0.44,10,0.027699237355898,0.496798260275285,3.86143589996917,8278.82966379239,0.407488058974129
0.44,11,0.027729759507069,0.482506550256321,3.8098047213913,8408.49419424902,0.380089316951049
0.44,12,0.0289402167653484,0.442446968712071,3.31651890095031,8242.22103764587,0.405389027139512
0.44,13,0.0248379800661226,0.489355876109512,3.77922793758057,8132.70748440234,0.412538045508006
0.44,14,0.0283892096424752,0.488733972453818,3.84746041088926,8019.02715198419,0.38479281116044
0.44,15,0.0278661243488369,0.481621245343666,3.58177485827763,8277.39838073728,0.380829593515154
0.44,16,0.0257617958520901,0.472768857055102,3.7929782594451,8310.04802883581,0.417389160102677
0.44,17,0.0247698641224266,0.498274395532825,4.1272186878072,8281.84296590855,0.428590532323588
0.44,18,0.0270855934796986,0.51120029620258,4.22716536148943,8122.40122137513,0.395894644652093
0.44,19,0.0292654373889121,0.488737156313013,3.6984698996597,8095.42305863473,0.39713228248434
0.44,20,0.0316880732973642,0.483380588009906,3.54085070353341,8551.3168128081,0.382631082867937
0.48,1,0.0283577463288048,0.518105957555919,4.07168762589155,8738.2035701027,0.405733011560311
0.48,2,0.0271877186836486,0.458722131974069,3.55141028219149,8267.37127819638,0.369679920406217
0.48,3,0.0277801726195719,0.490580845302968,3.82222108739557,7882.82772953365,0.387934520911963
0.48,4,0.0265810296938193,0.456190863477626,3.69909763901394,8336.92202897318,0.410075527974797
0.48,5,0.0269554112348453,0.477560217629304,3.63414880575218,8441.44440764256,0.41145967714239
0.48,6,0.0296144724537942,0.474886482938259,3.59961594501688,7886.30741789212,0.394402168368092
0.48,7,0.0273521244886947,0.503957615709937,4.10113223799335,8422.84033315315,0.393619696769415
0.48,8,0.030168737677713,0.4937883699166,3.83803314285827,8365.9408218303,0.4008012522677
0.48,9,0.0297995776927183,0.489693956407338,3.6196875154276,7805.30010998371,0.38659545122859
0.48,10,0.0307608904380561,0.462643453396253,3.38513182940355,8271.85411719782,0.381526219647517
0.48,11,0.0300369721922207,0.501496051200714,3.70107001610652,8219.8641965804,0.391652413466557
0.48,12,0.0300065789665179,0.466937792489634,3.50171397930938,7573.42216691354,0.391240825741831
0.48,13,0.0268545395442393,0.485406014734001,3.84386526005993,8165.6139501809,0.36755806541052
0.48,14,0.0322713278022719,0.491504162044815,3.58479596097584,8382.69765738113,0.376480080414195
0.48,15,0.0278408203471459,0.484283017946975,3.4562614082788,8166.87642505074,0.416873991741404
0.48,16,0.0276336082158748,0.484250280423714,3.95263169152653,8259.50806011519,0.422590490577524
0.48,17,0.0301686403033168,0.456552691106376,3.26060567765406,7712.87862405653,0.381406991258444
0.48,18,0.0314859029239988,0.482700012976553,3.73898376575845,7888.32099860699,0.372362329580647
0.48,19,0.0268798910566395,0.483524715197546,3.68681801970209,8044.39796120845,0.386590597802223
0.48,20,0.0294821315548529,0.453658206030028,3.38579025412174,7990.34142592492,0.411807213850866
0.52,1,0.028394275497671,0.429936706693585,3.41014366882932,8125.69491448126,0.378652230438
0.52,2,0.0338987601834798,0.504353557407581,3.5270458075307,8479.13859497202,0.377359423364061
0.52,3,0.0334660090039105,0.508632204641951,3.53867376019682,8478.2184365216,0.384754168156473
0.52,4,0.0312766253843515,0.504625046076486,3.86590599902451,8465.62697720757,0.382858219343069
0.52,5,0.0297391487031897,0.49359753595874,3.86950791851759,8127.42002813902,0.388002322340189
0.52,6,0.0300006300121438,0.487636764217539,3.56631068776608,8404.26177565413,0.391085042339706
0.52,7,0.0303514445273399,0.484240269874066,3.54472692182895,8110.8248776656,0.390165025828065
0.52,8,0.0296136440448783,0.538989839355674,4.06461701958551,8440.44968762772,0.393019446665757
0.52,9,0.0339853880041968,0.507939966764252,3.52213773005178,7802.43842178975,0.407956013739732
0.52,10,0.031015273139876,0.461560604678858,3.41461296934207,8053.86608623326,0.398029654248404
0.52,11,0.0305403319894393,0.471649555851759,3.37501789511777,8333.31392291642,0.390335536669089
0.52,12,0.0305930241268945,0.459887149672292,3.36167058572581,8280.06982255845,0.395462700108523
0.52,13,0.0315645769670807,0.496681478231762,3.67806255636224,8271.07594489934,0.382171532640572
0.52,14,0.029148736007281,0.435318516366684,3.16869816454279,8277.30230777424,0.374412645622861
0.52,15,0.0258442199724919,0.494200621747784,3.66069907403154,8352.44180318672,0.406025216326556
0.52,16,0.0313157553307367,0.455616291694557,3.42955649059973,8134.59574009668,0.385310443134665
0.52,17,0.0332836608678004,0.50818240048693,3.57277768359862,7836.17438588078,0.37169650786713
0.52,18,0.0324634681950116,0.466586358334876,3.38384774091257,8236.8534906578,0.376290798935748
0.52,19,0.0366882674766235,0.467435396304034,3.30889032526164,8068.30530384406,0.359498357357602
0.52,20,0.0291645484026769,0.511425860494728,3.65780601267159,8059.34338385377,0.404635410232278
0.56,1,0.0325682662481869,0.500559080534194,3.59878871341607,8563.87754785402,0.394302060467537
0.56,2,0.0337143849924287,0.500411033546555,3.69299370171888,8025.54169356965,0.402832583010871
0.56,3,0.0336592697464535,0.50756777904972,3.72811291338614,8585.6300303239,0.381560617702685
0.56,4,0.0347455482698745,0.47673631355862,3.33312812097668,7801.09583407449,0.37608627037649
0.56,5,0.0326281415838133,0.449530230852817,3.26646091560233,8117.49260616532,0.388600086116447
0.56,6,0.0311777874908217,0.458145494182967,3.56618392435021,8215.04230040116,0.390232835983899
0.56,7,0.0315077829077733,0.522059823549886,3.96043354084109,8051.46748174409,0.380944820945029
0.56,8,0.0314141791691711,0.511399791005743,3.65121148382143,8068.90299437019,0.385750950053614
0.56,9,0.0335154078269523,0.470123584132014,3.55905970475564,8199.69381578485,0.398082383447459
0.56,10,0.0305246255741118,0.461106765586482,3.66820977178545,8848.16069290795,0.387984477563356
0.56,11,0.0329055614412824,0.51301089638623,3.56649165249782,8371.09814160671,0.374402750309761
0.56,12,0.0318566271756432,0.486319218317182,3.70059820664569,8351.11310920453,0.393580571454221
0.56,13,0.0318715983874088,0.504276972027704,3.68988265795698,8693.69956591058,0.377152823688556
0.56,14,0.0316400353160256,0.468244687875428,3.42088055506609,8041.47324679635,0.372994796689209
0.56,15,0.0331846378530272,0.527429919088116,3.9095625459042,7843.09713865835,0.395756355702496
0.56,16,0.0340752515248595,0.471023679466616,3.29845363540868,7981.75242322265,0.37469603701441
0.56,17,0.0332299437678583,0.476601455087506,3.51056047369882,7732.14888832405,0.381928017020353
0.56,18,0.0341754858102517,0.50720536527783,3.52076103192915,7375.21178857406,0.35976368048876
0.56,19,0.0332486692111246,0.527151673457044,3.88636374160547,8309.65529133459,0.384882452182592
0.56,20,0.0314079795098788,0.465300774446775,3.32514319092975,8014.10529441845,0.381215493536557
0.6,1,0.0340904018816633,0.517869158028329,3.68252457049426,8831.62937758326,0.375106283150105
0.6,2,0.0352676303285345,0.514419910047715,3.5586181838854,8262.1647431027,0.365743473896237
0.6,3,0.0334112376728753,0.447667621057215,3.29344804848141,7543.3892189696,0.384624882320941
0.6,4,0.0329714670593274,0.500068519540682,3.39978567367712,8355.01637903778,0.384905094666938
0.6,5,0.0355711435265788,0.473181670920477,3.33609687097355,7689.69966196977,0.391926020039065
0.6,6,0.0330884148589077,0.503299870353554,3.51541686951715,7880.14199236786,0.385770261375192
0.6,7,0.0341106039939177,0.508927380905013,3.60453876429554,8823.03055942031,0.373169253475077
0.6,8,0.0360237774141748,0.479849088228235,3.46098393186692,7967.65274668011,0.363804417949111
0.6,9,0.0327248505443752,0.452075936873662,3.29468636925923,8489.56315333166,0.399667835796267
0.6,10,0.0344604263928153,0.486486498201942,3.49753539968163,8154.66642681415,0.394114952027853
0.6,11,0.0346336414637545,0.480229143620298,3.46737077049729,7976.84108153146,0.375094020851441
0.6,12,0.0345995642910435,0.47964471413641,3.42575904691367,8048.31209704311,0.371750940448078
0.6,13,0.0366770106755302,0.490314658911496,3.51151139341367,8508.63752469972,0.363337067220641
0.6,14,0.0346841150083177,0.483650595559007,3.36632863203575,8120.99394571036,0.36583971902016
0.6,15,0.0335283625362225,0.494897212963411,3.57321043865468,8599.92281389477,0.379970959993643
0.6,16,0.034558608651047,0.499485250179268,3.48089976307626,8477.16454615774,0.37580676111088
0.6,17,0.0332163172758464,0.541576441489002,3.87147729502215,8008.22296179383,0.378032176969668
0.6,18,0.0359650105763106,0.466443257381484,3.43567773408716,8498.86984553563,0.389485103805849
0.6,19,0.0353081590403524,0.479751161098728,3.14702454584164,8334.03051795826,0.372416480779445
0.6,20,0.0326593334551054,0.520478644855086,3.84836239936769,7855.19937682108,0.39328883293774
0.64,1,0.0343470082329813,0.470427260726539,3.273056455084,7951.87632339135,0.385935923958014
0.64,2,0.035145715873606,0.534379136599462,3.80798250597134,8199.32045544424,0.379557042868416
0.64,3,0.0359272255852693,0.485204290326581,3.31511506456954,8118.90042834263,0.381080105122204
0.64,4,0.0357415833065721,0.469524192100232,3.25631419852061,7989.23808559121,0.365633826990654
0.64,5,0.03236645530169,0.513081268409483,3.56505601019435,8441.06128534311,0.397561068255286
0.64,6,0.0359541271661522,0.487727708175792,3.53807765261561,8087.5068125477,0.402390851079093
0.64,7,0.0339626130981688,0.451793550992686,3.24900570562476,7699.69438077251,0.378645716475096
0.64,8,0.0391666573034012,0.475654044488443,3.06671111495727,7941.97327026168,0.369594558219023
0.64,9,0.0357340042432142,0.487539076492095,3.32412712423408,8262.89385450634,0.388620168195546
0.64,10,0.0335245654181456,0.526488655865229,3.82878433834643,8446.28580511874,0.376512158309189
0.64,11,0.0348699206794041,0.484977064190119,3.47324044787394,7933.40786163248,0.367691794174388
0.64,12,0.0365925569660135,0.484667064598671,3.27883967351585,8094.4889050433,0.371230248158293
0.64,13,0.0352175247481642,0.558487284859159,3.75493138988678,8579.60337888155,0.357078322286327
0.64,14,0.035373283065598,0.485182904115498,3.27861494674808,8058.91332840422,0.400438776583178
0.64,15,0.0338433237132468,0.495060842335799,3.62764178345981,8165.58543163439,0.366543087060376
0.64,16,0.037383064153103,0.515728569029028,3.49126222210075,7932.83538046767,0.36909003593805
0.64,17,0.0370861300500926,0.476037377631185,3.22313853671088,7892.4258986578,0.373236544988998
0.64,18,0.0371357011423218,0.504474149548065,3.41559009328005,7913.88877403793,0.369059139062551
0.64,19,0.0372825518562157,0.522803144657647,3.52749621975868,8194.70481350867,0.384749395406612
0.64,20,0.0395001373319544,0.494722102003584,3.28263802410394,8019.24957384146,0.370300041041549
0.68,1,0.0393486935615469,0.478567176132047,3.30099630374643,8213.41628011452,0.384341512995147
0.68,2,0.0396509852280834,0.475855571889939,3.02010873938665,7717.9862087843,0.357094684335997
0.68,3,0.0386792884534195,0.507427314932656,3.57374731042721,8044.90510654579,0.354943581661666
0.68,4,0.0381080052740245,0.499771052402919,3.45060010897227,8395.50981009204,0.365967331211973
0.68,5,0.0391649190883152,0.464025930058533,3.07850329506498,8141.44897426739,0.387627569662424
0.68,6,0.0390963809682726,0.482853804216324,3.29358279559035,8329.44534295293,0.363024332238451
0.68,7,0.0385321111583289,0.47639642472238,3.09070200517897,8254.82348243017,0.369791283951063
0.68,8,0.0397877476908416,0.494439186194649,3.42523843129,8498.02662883143,0.371335681310569
0.68,9,0.0393430718943716,0.451273390548778,2.95645031661076,8182.06644507702,0.370213511649557
0.68,10,0.0379904134924686,0.506525200739271,3.36705359032773,7821.60147923448,0.350686051157872
0.68,11,0.0381354152090621,0.465696171765058,3.24908572507706,8129.45079493271,0.369269506175983
0.68,12,0.0395101940221365,0.500910295321596,3.46161078943083,8193.37364535333,0.356573055807891
0.68,13,0.0411312914769029,0.5156042635812,3.37351722067222,8234.56840470394,0.383650585961872
0.68,14,0.0380721428750742,0.481304639957312,3.14022806189408,8130.55653524787,0.364474217790056
0.68,15,0.0367502116741105,0.499771358722685,3.50298654779812,8116.39229773028,0.377449529938177
0.68,16,0.0362566697766988,0.485893662503086,3.15511760735344,8265.01595813409,0.383604552905704
0.68,17,0.0369853661567567,0.487190106800751,3.51512836147538,8012.5887146535,0.383346345889824
0.68,18,0.0420760756658864,0.466000976339338,3.00423684435326,7723.6863654761,0.355178650567058
0.68,19,0.0396309485757563,0.461287523327809,3.13874722260995,7658.32209831408,0.369883947997976
0.68,20,0.0407343034191261,0.535681075440634,3.29831814816116,8150.95819705942,0.388227747092593
0.72,1,0.0387240110943394,0.516674435269234,3.38067572261108,8053.94731389991,0.40592072504674
0.72,2,0.0383152340692094,0.522516613209054,3.79562167762875,8466.19881260488,0.35763419682314
0.72,3,0.040254390723797,0.479809927822223,3.42902955982378,8204.12834483964,0.385308260169762
0.72,4,0.0393626928812912,0.464356863200314,2.98048487330577,8167.89005213715,0.366473296598992
0.72,5,0.0406010790660043,0.490241704613629,3.26728431157375,8393.89962188894,0.347131555087819
0.72,6,0.0397345628315641,0.49325098574079,3.43347039267503,7844.98894601394,0.383362381308025
0.72,7,0.0392165642196021,0.482341227459959,3.1841839870305,8204.00151874667,0.361762122249095
0.72,8,0.0380115332614397,0.485039693404816,3.44452825830028,8011.80877573236,0.374872516711428
0.72,9,0.0363078739917711,0.514977600929129,3.70437141655639,8029.10924100441,0.37212104934692
0.72,10,0.040429862630157,0.520645014462537,3.41712940201462,7684.0340962663,0.371851071846654
0.72,11,0.0368207573850062,0.493234123902753,3.52998588448367,8208.34255772746,0.371570516586691
0.72,12,0.041147503056815,0.45956974348937,3.05846267442183,7952.71460197447,0.353002555498852
0.72,13,0.0372077443379276,0.507632062933649,3.5418079593271,8257.67762334091,0.383906906946572
0.72,14,0.0383746873244369,0.495758278514886,3.46328293739944,8148.7326926993,0.37380826830306
0.72,15,0.0384601932514365,0.479459840463932,3.36918555654586,8437.67883426939,0.367291306275845
0.72,16,0.0381773225743081,0.466481718113252,3.16269301776439,8228.48055193209,0.363412390087195
0.72,17,0.0410459855167393,0.498649735526263,3.18431482033974,8205.9712043427,0.377345093678312
0.72,18,0.0377288698617498,0.468621322981662,3.14701164373038,8170.54686277406,0.381204065092147
0.72,19,0.0365412060973183,0.497706303018477,3.28004291171571,7975.14218863291,0.388904861371053
0.72,20,0.0402019956084087,0.497843501018661,3.41534988941334,8085.10350131943,0.381680216634307
0.76,1,0.0385671391491844,0.447044980077586,2.98084006331498,8352.37647334636,0.375622111225754
0.76,2,0.0391627890813071,0.506974832203723,3.41204191063387,8066.86076444741,0.368207681146926
0.76,3,0.0382864530652299,0.513332455074307,3.42012974088831,7997.16601994826,0.36867335986523
0.76,4,0.0441132442653959,0.505063765300891,3.18134503193798,8028.84339505181,0.379546718658502
0.76,5,0.0417649381607035,0.526898894243964,3.46226542074587,8386.01597004753,0.36305342458783
0.76,6,0.0371735143087577,0.511469280489222,3.42964465368003,8498.74279299863,0.370022724376599
0.76,7,0.0414925875892495,0.500591893187572,3.24133990654332,8175.72841975446,0.374177001169823
0.76,8,0.0410647504831471,0.496655284305276,3.26288218596116,7784.75936485104,0.364637254911865
0.76,9,0.0405917894073565,0.522948653638815,3.41281331663011,8307.2770011712,0.377680715779897
0.76,10,0.0398872731092613,0.502522123659365,3.32738088199202,8375.63279142327,0.384846631619609
0.76,11,0.037978469151688,0.499239758617496,3.44642241727138,8113.41651799532,0.35877789893158
0.76,12,0.0396328088950556,0.52705647789708,3.49563844457919,8055.09000941637,0.365963443699652
0.76,13,0.0430521213713355,0.487669480024,3.1011909989874,8013.42903410884,0.354921165655967
0.76,14,0.0413472504743125,0.535141732550641,3.44408402752394,8263.8942337101,0.351622319549112
0.76,15,0.038916450718976,0.499116105916501,3.30907884934853,7881.93591417976,0.374414243151604
0.76,16,0.0423268436774651,0.462155035148454,3.15454121687488,7983.7593029907,0.386738641488746
0.76,17,0.0465022216641644,0.512289394496902,3.31482653856609,8206.24032983646,0.364788461462383
0.76,18,0.0389641679017113,0.514385714141993,3.44442279481789,8065.03127361961,0.373706181777343
0.76,19,0.042739672117234,0.512694853994685,3.1852459341727,7727.06977166213,0.373478974132757
0.76,20,0.0397724417351893,0.510267526897012,3.51704594395897,7968.26449863524,0.370197773712129
0.8,1,0.0399306833973191,0.523770883719205,3.44196565871561,7604.58934651021,0.352399801916752
0.8,2,0.0394359172871894,0.474843672636165,3.33018197313715,8062.07231893512,0.347971318758066
0.8,3,0.043436502208274,0.494973011115095,3.10137987498529,7908.0746395989,0.366221644897497
0.8,4,0.0412350270348734,0.524647611776717,3.35959652156463,7872.78201374493,0.348749353126096
0.8,5,0.0407733365733236,0.509351945368582,3.40218630451536,7886.81643847208,0.392442679010697
0.8,6,0.0427812699752767,0.553104878950803,3.27507116509407,7811.67107104933,0.364006884949007
0.8,7,0.0400164400010126,0.489252731651549,3.32156419371122,8104.19444062536,0.363871978756775
0.8,8,0.0378775887557166,0.512754523974117,3.73943471456235,7783.51593007033,0.385775566284792
0.8,9,0.045144585078907,0.526424209689563,3.63711785704602,8063.16866938642,0.359223339479076
0.8,10,0.041693937058424,0.530969225976103,3.35718370389457,8283.96311123867,0.346221923186265
0.8,11,0.0405316600187555,0.508297732360971,3.30569274798877,7580.89254829032,0.356129695350386
0.8,12,0.0428458555813331,0.540159590500015,3.48809444644409,8105.40682569069,0.387461607308391
0.8,13,0.0416576998105557,0.507103462440568,3.0818537230455,7654.2698117987,0.379881488475553
0.8,14,0.0436147729114703,0.559152627886775,3.78023236096525,8304.93867131058,0.358998846109599
0.8,15,0.0408727140483218,0.525227964834663,3.41045627847885,8188.72292326307,0.366842841978711
0.8,16,0.0383473300863386,0.488092267752948,3.33989634584995,8258.45622600388,0.365134751995437
0.8,17,0.0425597289415063,0.570584431908995,3.9023504668633,8437.06714352157,0.368089972402426
0.8,18,0.0417382938080956,0.546381238550683,3.46665720128749,8279.37761129874,0.362853347840012
0.8,19,0.0426423148523365,0.561952744908036,3.68190635670308,8101.16618878442,0.368732364342464
0.8,20,0.0397735969319211,0.51513485797766,3.47708255452351,8117.92734740235,0.362597247698391
0.84,1,0.0472670321341648,0.475142350255876,2.9428539557812,8143.32952373218,0.355393743754293
0.84,2,0.0469720168964159,0.488072901388298,2.95482077168467,7843.06146885719,0.362408555322012
0.84,3,0.0413761067969642,0.514550394372321,3.24482383657467,8080.34506408664,0.375124516241539
0.84,4,0.0375116840355732,0.482914812098204,3.36455897397011,8379.54198244586,0.360130222974357
0.84,5,0.0470580542802158,0.507014873197003,3.2011198070402,7868.12512607145,0.352905435903418
0.84,6,0.043240870638851,0.530601537586355,3.41378627486733,7768.2320670704,0.356358834108071
0.84,7,0.039046417263283,0.473475031557111,3.18139970202922,7863.90063288521,0.37297870890165
0.84,8,0.0462357151304155,0.464127432360282,2.86727491171215,8244.68126929103,0.370054651405347
0.84,9,0.0395239176656157,0.522717756119746,3.43160720698474,7665.51333801205,0.387276895894248
0.84,10,0.042891581904064,0.493625133213761,3.21892240141466,7764.99726212837,0.354950879414052
0.84,11,0.0444280777628298,0.562496227965401,3.49865702030386,7977.82589323789,0.37152270553065
0.84,12,0.0436332436975826,0.48052642629332,3.08149479987413,8205.92738726081,0.354997464197097
0.84,13,0.0455403950335758,0.520717284272412,3.39775839561527,7907.60700865708,0.363292279442874
0.84,14,0.0467974093821161,0.488354862333071,3.03990138854749,8067.66389642453,0.36114804930852
0.84,15,0.0457309507047854,0.52027254474844,3.32560423647992,8113.36917516774,0.360497847781023
0.84,16,0.0403530871175355,0.479811519291596,3.2543212954612,7917.82609845539,0.353331997524564
0.84,17,0.0441833590383926,0.521938257129973,3.32772740112748,8223.6384868082,0.345895854103419
0.84,18,0.0434513161795752,0.474278165633659,3.07057391779186,8079.77528444742,0.353085884861951
0.84,19,0.0442552027707199,0.484286702221404,3.11887006263275,7883.46147893116,0.345676610501527
0.84,20,0.0480853142222579,0.490322769606097,2.93980276368044,8127.62573165451,0.352444641460839
0.88,1,0.0478247727230862,0.542792845278341,3.30945901449555,8075.11835462567,0.3624176952897
0.88,2,0.0456106780234074,0.530944523451063,3.36624051891234,8101.43336659829,0.36002940490218
0.88,3,0.0445005347081644,0.533194635380772,3.29610799141174,7844.91649537957,0.353898906549772
0.88,4,0.046512795735253,0.485566575976072,3.05564871737284,7664.78767829726,0.336854805240827
0.88,5,0.0475398633754732,0.536679033832488,3.35730717763411,8239.06949106062,0.365988170394219
0.88,6,0.0440247110713098,0.481167622587932,3.02183512476797,7930.94257819088,0.365831776461557
0.88,7,0.0449130930839681,0.491987973637281,3.05178051101559,8041.76502671191,0.363342766392239
0.88,8,0.043670544951567,0.507913462275789,3.33178193104046,7945.81267053662,0.361617880482673
0.88,9,0.0458940342494363,0.561479389796466,3.56082603994959,8308.59605741243,0.377481946822403
0.88,10,0.046574942138649,0.491260605394279,3.02413783471705,8453.38161932465,0.349296568306456
0.88,11,0.0494277138420664,0.495871995117901,3.14095511787132,7742.94933806794,0.352822800541374
0.88,12,0.0486653262473593,0.509107883833316,3.53880261830225,8062.21706628874,0.358080302035015
0.88,13,0.0484245923505438,0.483851876833108,3.00179038880304,7929.02494080894,0.35804405515731
0.88,14,0.0469925209467659,0.509246044335439,3.09055874301847,8172.79922391981,0.355148336867544
0.88,15,0.0478131872178337,0.50428870969472,3.16337885515189,7571.22658780395,0.334257149515369
0.88,16,0.0459059955790296,0.515875792057608,3.15317629456092,8446.92408472057,0.358978847470408
0.88,17,0.0506771722489215,0.481776023087905,2.8287188710582,8100.33390100781,0.341190436377659
0.88,18,0.0460256254399824,0.474001884332053,2.77462232044715,7871.06441141337,0.357742612215956
0.88,19,0.0454960381045744,0.563639329593553,3.68175452702076,8021.05984833764,0.371333267904587
0.88,20,0.0445202664936105,0.501763484021506,3.10033876942511,7956.54830765782,0.362532780262
0.92,1,0.0456215185387761,0.50671439219245,3.15575350601476,7951.15599181523,0.348649976719728
0.92,2,0.0484986278172645,0.50210055830242,3.05895411158558,7900.67729474518,0.372942032195424
0.92,3,0.0449092908743186,0.478920830298941,3.02954622942663,8230.28061550911,0.357127982191428
0.92,4,0.0459765824459999,0.483279931584118,2.8902634865418,7773.42318510035,0.356601699752056
0.92,5,0.0447903621818376,0.544558103435811,3.62227057434483,7544.38156928845,0.353160030087282
0.92,6,0.0447934234802255,0.479895678015199,2.89882508101734,7767.69600600102,0.345198470102378
0.92,7,0.0433681044936534,0.511874970265809,3.25571789154924,8184.15117099389,0.374776568105754
0.92,8,0.0442549208556713,0.513328177833426,3.02666576577977,8077.98462140808,0.372833933577621
0.92,9,0.0517389588171424,0.487227265269959,2.88401388342274,7502.53852286961,0.358021584496934
0.92,10,0.0502245106548272,0.473295291871982,2.79624899189213,8250.01811339341,0.354227535245034
0.92,11,0.0448764276634665,0.512668212095569,3.16597754623175,7851.7693606053,0.357861843664854
0.92,12,0.0490700254232071,0.466952782390477,2.84115569629156,7835.27809033464,0.338256281462986
0.92,13,0.0462863049607697,0.500682048050579,3.02943072960058,8024.02932502355,0.384583056341372
0.92,14,0.0449494051537419,0.457486695002942,2.95402173401861,7682.64270927763,0.359987087488477
0.92,15,0.0455663272273396,0.506275678195517,3.16991756675197,8042.05874158758,0.367587370621124
0.92,16,0.0470862992635118,0.4981944359747,2.94966255287285,8173.33396711887,0.342642154086994
0.92,17,0.0489627699255615,0.508776891370561,3.01467530040211,8392.90663920878,0.360830707638777
0.92,18,0.0430297149012341,0.523294921438685,3.48676108187194,7984.8386273629,0.359197659124993
0.92,19,0.0472307111706292,0.467265656802509,2.91344108311586,7693.10918223407,0.338830132838376
0.92,20,0.0469488816932814,0.483178071110413,2.9373778580778,7689.37771083733,0.373157031698779
0.96,1,0.0459390322955859,0.497957671624147,2.97968164803072,7516.92286006636,0.346195863873367
0.96,2,0.0504725136099944,0.547227085655875,3.34467505900789,8349.15837472303,0.339762871480955
0.96,3,0.0523442351166354,0.53258468423175,3.06593783050533,8211.04856761205,0.343110449746214
0.96,4,0.0481568169907647,0.536802939527188,3.34561068419034,7753.947351097,0.348092928268413
0.96,5,0.0448157706819478,0.474618156036582,2.95824139983445,7779.56862534294,0.373839098732824
0.96,6,0.0480329261497041,0.54273385667728,3.28330521909217,8116.6828778554,0.338875806591144
0.96,7,0.0465481386942712,0.542678536614798,3.33877445831625,8132.04761525846,0.363393656822655
0.96,8,0.0483720013303851,0.503427355098609,3.07288549908232,7941.81417395726,0.363932692883416
0.96,9,0.0517042378479881,0.487882439089408,2.94729895552926,8271.10244916699,0.339792694281064
0.96,10,0.0475499150855994,0.516872071928316,3.12210941139619,8357.49209874849,0.344577041269599
0.96,11,0.0459535331462409,0.554670808012109,3.70939516889098,7871.54334997904,0.354012797629736
0.96,12,0.0491093900225886,0.474333635382331,2.95338438377771,8018.62029399514,0.344442435794986
0.96,13,0.0532247526833741,0.519051829745042,3.03339087799935,7994.17751207688,0.338418233065786
0.96,14,0.0480861277715525,0.536881035374696,3.19430789758628,7650.82751886952,0.355474326343514
0.96,15,0.0448073155297432,0.496364903249611,3.25375455984774,7817.30083136457,0.368152914371527
0.96,16,0.0523230812646394,0.517944054647515,3.07095663569989,7907.30764744502,0.351410758791897
0.96,17,0.0473708830332542,0.492657425883204,3.14616208825921,7608.93372015353,0.374248444967326
0.96,18,0.0513217466965718,0.489764496079562,2.73276891157763,7989.91430112971,0.350094794255662
0.96,19,0.0461965085385447,0.451173649459978,2.84154275079597,8165.42200911832,0.362361549845618
0.96,20,0.0478058613907447,0.50311092803852,3.01540617876481,8357.64158234008,0.345507214780323
1,1,0.049159952022306,0.498030992232573,3.04392099937982,8056.42234570433,0.356243578396538
1,2,0.0483709746410282,0.515191143334176,3.22118810286219,7987.18488979465,0.377126897429233
1,3,0.0485870469423421,0.494559567325373,3.29775837797452,7756.5510133892,0.346624927129431
1,4,0.05144229947607,0.518295271904712,2.91203844163563,7912.90322025919,0.355670671065427
1,5,0.0494063552789759,0.520097208721659,2.95513609302161,7671.72369124585,0.345299416560451
1,6,0.0501100134105115,0.488357262535563,3.02155581272866,7599.34645244159,0.346031089543948
1,7,0.0528346940403453,0.513773194414543,3.00948214766265,8289.20484292433,0.346848224467119
1,8,0.0460407559803545,0.49714746112895,3.13903273723578,7769.20587542289,0.36792014007109
1,9,0.048424456504733,0.520584707781602,3.0383409947024,7901.77894212814,0.35478952367678
1,10,0.0534850548781857,0.540593686734725,3.09162035760676,8069.48375599864,0.323483517939414
1,11,0.0502557935102509,0.559200328200913,3.25087552799891,8158.69924813887,0.360588180724304
1,12,0.0547375808922449,0.536728503032819,3.08321338927307,7831.4095302392,0.353056422277644
1,13,0.0527123986751391,0.50550777874995,2.86500173614986,8050.3126411475,0.346531044635723
1,14,0.0497228145402788,0.494776780867886,2.96032865914668,8173.88899409084,0.345548845987589
1,15,0.0546057292964969,0.508755074353684,2.8564825742556,7999.339486812,0.347737826121635
1,16,0.0516506586737785,0.524338383715775,3.02235590743559,7355.14641308764,0.363129005844343
1,17,0.0510722897457163,0.534951980271109,3.00884816200904,7749.98954607411,0.35067428779795
1,18,0.054033179847353,0.578594519610942,3.37538675965943,8222.73063647014,0.3412102194453
1,19,0.0492020706070043,0.545759237621544,3.50567804024511,7937.67795596291,0.356392725737989
1,20,0.0518035858548674,0.528859058394638,3.15490768231995,7909.95054841517,0.339783346581456
